"","No","HHsize","HH","Type","TIME","i"
"1",3,4,1,NA,56,1
"2",6,3,2,NA,322,1
"3",7,3,2,NA,182,1
"4",14,4,4,NA,65,1
"5",19,3,6,NA,72,1
"6",20,3,6,NA,163,1
"7",21,3,6,NA,311,1
"8",32,6,9,NA,17,1
"9",38,3,10,NA,253,1
"10",39,4,11,NA,62,1
"11",46,6,12,NA,29,1
"12",47,6,12,NA,65,1
"13",48,6,12,NA,283,1
"14",49,3,13,NA,46,1
"15",52,6,14,NA,248,1
"16",54,6,14,NA,96,1
"17",55,6,14,NA,255,1
"18",63,6,15,NA,190,1
"19",64,4,16,NA,78,1
"20",66,4,16,NA,69,1
"21",70,3,17,NA,156,1
"22",91,4,22,NA,93,1
"23",92,4,23,NA,136,1
"24",95,4,23,NA,256,1
"25",97,5,24,NA,91,1
"26",103,6,25,NA,121,1
"27",105,6,25,NA,55,1
"28",106,6,25,NA,115,1
"29",108,6,26,NA,266,1
"30",116,6,27,NA,244,1
"31",120,5,28,NA,33,1
"32",131,4,30,NA,316,1
"33",134,4,31,NA,117,1
"34",136,3,32,NA,214,1
"35",137,3,32,NA,226,1
"36",140,6,33,NA,323,1
"37",142,6,33,NA,182,1
"38",143,6,33,NA,40,1
"39",144,6,33,NA,56,1
"40",153,6,35,NA,37,1
"41",154,6,35,NA,267,1
"42",163,5,37,NA,286,1
"43",166,5,37,NA,64,1
"44",167,5,37,NA,335,1
"45",171,5,38,NA,15,1
"46",174,4,39,NA,112,1
"47",175,4,39,NA,50,1
"48",176,4,39,NA,260,1
"49",180,3,41,NA,136,1
"50",182,3,41,NA,357,1
"51",184,3,42,NA,362,1
"52",185,3,42,NA,206,1
"53",190,4,44,NA,227,1
"54",191,4,44,NA,213,1
"55",194,4,45,NA,361,1
"56",198,5,46,NA,18,1
"57",201,5,46,NA,80,1
"58",205,4,47,NA,133,1
"59",206,4,47,NA,363,1
"60",210,5,48,NA,106,1
"61",211,5,48,NA,250,1
"62",213,3,49,NA,194,1
"63",215,3,50,NA,364,1
"64",216,3,50,NA,129,1
"65",218,6,51,NA,60,1
"66",222,6,51,NA,141,1
"67",226,6,52,NA,125,1
"68",228,6,52,NA,54,1
"69",229,6,52,NA,307,1
"70",230,3,53,NA,273,1
"71",232,3,53,NA,174,1
"72",234,6,54,NA,137,1
"73",237,6,54,NA,223,1
"74",239,5,55,NA,224,1
"75",240,5,55,NA,158,1
"76",241,5,55,NA,122,1
"77",262,4,59,NA,223,1
"78",264,4,60,NA,282,1
"79",267,4,60,NA,138,1
"80",268,3,61,NA,246,1
"81",269,3,61,NA,16,1
"82",271,3,62,NA,263,1
"83",272,3,62,NA,48,1
"84",277,6,63,NA,1,1
"85",280,6,64,NA,120,1
"86",281,6,64,NA,356,1
"87",287,3,65,NA,238,1
"88",288,3,65,NA,70,1
"89",291,5,66,NA,24,1
"90",294,5,67,NA,88,1
"91",295,5,67,NA,188,1
"92",302,5,68,NA,301,1
"93",307,3,70,NA,306,1
"94",314,6,71,NA,303,1
"95",316,6,72,NA,270,1
"96",321,6,72,NA,27,1
"97",322,6,73,NA,82,1
"98",324,6,73,NA,65,1
"99",327,6,73,NA,328,1
"100",337,5,75,NA,359,1
"101",341,4,76,NA,215,1
"102",343,5,77,NA,54,1
"103",345,5,77,NA,65,1
"104",348,5,78,NA,273,1
"105",350,5,78,NA,293,1
"106",353,6,79,NA,169,1
"107",355,6,79,NA,337,1
"108",362,5,80,NA,20,1
"109",364,6,81,NA,267,1
"110",365,6,81,NA,358,1
"111",366,6,81,NA,136,1
"112",371,4,82,NA,204,1
"113",373,6,83,NA,111,1
"114",374,6,83,NA,273,1
"115",375,6,83,NA,326,1
"116",382,4,84,NA,45,1
"117",388,3,86,NA,60,1
"118",395,6,88,NA,166,1
"119",396,6,88,NA,38,1
"120",401,6,89,NA,313,1
"121",402,6,89,NA,100,1
"122",409,5,90,NA,240,1
"123",410,3,91,NA,165,1
"124",413,6,92,NA,355,1
"125",414,6,92,NA,82,1
"126",425,6,94,NA,311,1
"127",427,6,94,NA,249,1
"128",431,4,95,NA,140,1
"129",432,4,95,NA,200,1
"130",433,4,95,NA,197,1
"131",434,4,95,NA,182,1
"132",441,6,97,NA,74,1
"133",448,4,99,NA,172,1
"134",452,6,100,NA,69,1
"135",455,6,100,NA,93,1
"136",462,6,102,NA,116,1
"137",465,6,102,NA,221,1
"138",466,6,102,NA,18,1
"139",467,5,103,NA,140,1
"140",471,5,103,NA,347,1
"141",473,5,104,NA,311,1
"142",474,5,104,NA,319,1
"143",488,6,107,NA,298,1
"144",492,5,108,NA,77,1
"145",494,5,108,NA,122,1
"146",497,5,109,NA,258,1
"147",502,4,110,NA,278,1
"148",503,4,110,NA,19,1
"149",510,5,112,NA,276,1
"150",512,5,112,NA,190,1
"151",513,5,112,NA,241,1
"152",519,5,113,NA,325,1
"153",522,5,114,NA,353,1
"154",525,3,115,NA,106,1
"155",528,6,116,NA,175,1
"156",532,6,116,NA,323,1
"157",540,4,118,NA,314,1
"158",544,3,119,NA,30,1
"159",545,3,119,NA,111,1
"160",547,4,120,NA,77,1
"161",551,6,121,NA,331,1
"162",552,6,121,NA,28,1
"163",554,6,121,NA,166,1
"164",563,4,123,NA,70,1
"165",568,5,124,NA,125,1
"166",569,5,124,NA,315,1
"167",570,4,125,NA,239,1
"168",571,4,125,NA,68,1
"169",575,3,126,NA,10,1
"170",576,3,126,NA,131,1
"171",577,6,127,NA,114,1
"172",582,6,127,NA,7,1
"173",585,5,128,NA,302,1
"174",589,5,129,NA,344,1
"175",590,5,129,NA,165,1
"176",591,5,129,NA,58,1
"177",592,5,129,NA,188,1
"178",593,4,130,NA,115,1
"179",604,6,132,NA,190,1
"180",606,6,133,NA,79,1
"181",617,5,135,NA,271,1
"182",618,5,135,NA,68,1
"183",623,6,136,NA,43,1
"184",624,6,136,NA,100,1
"185",625,6,136,NA,34,1
"186",631,5,137,NA,13,1
"187",633,5,138,NA,52,1
"188",634,5,138,NA,106,1
"189",635,5,138,NA,267,1
"190",636,5,138,NA,144,1
"191",644,3,141,NA,147,1
"192",650,4,142,NA,255,1
"193",651,3,143,NA,134,1
"194",658,6,144,NA,280,1
"195",662,6,145,NA,191,1
"196",663,6,145,NA,280,1
"197",666,3,146,NA,336,1
"198",668,3,146,NA,229,1
"199",669,3,147,NA,153,1
"200",671,3,147,NA,84,1
"201",672,4,148,NA,180,1
"202",678,4,149,NA,5,1
"203",686,5,151,NA,134,1
"204",688,3,152,NA,112,1
"205",691,6,153,NA,349,1
"206",692,6,153,NA,322,1
"207",693,6,153,NA,279,1
"208",699,4,154,NA,360,1
"209",703,6,155,NA,90,1
"210",708,5,156,NA,61,1
"211",710,5,156,NA,317,1
"212",716,5,158,NA,336,1
"213",718,5,158,NA,182,1
"214",719,5,158,NA,194,1
"215",721,3,159,NA,339,1
"216",723,3,159,NA,352,1
"217",725,3,160,NA,171,1
"218",727,3,161,NA,171,1
"219",732,6,162,NA,29,1
"220",734,6,162,NA,71,1
"221",735,6,162,NA,2,1
"222",736,4,163,NA,100,1
"223",737,4,163,NA,198,1
"224",739,4,163,NA,238,1
"225",740,4,164,NA,343,1
"226",741,4,164,NA,276,1
"227",743,4,164,NA,206,1
"228",744,3,165,NA,11,1
"229",745,3,165,NA,293,1
"230",748,4,166,NA,46,1
"231",753,6,167,NA,257,1
"232",757,3,168,NA,46,1
"233",765,6,170,NA,120,1
"234",766,6,170,NA,244,1
"235",774,6,172,NA,256,1
"236",779,6,173,NA,96,1
"237",781,6,173,NA,278,1
"238",782,6,173,NA,132,1
"239",805,6,178,NA,358,1
"240",806,6,178,NA,277,1
"241",814,6,179,NA,111,1
"242",818,6,180,NA,207,1
"243",819,6,180,NA,131,1
"244",831,6,183,NA,336,1
"245",834,6,183,NA,129,1
"246",835,6,183,NA,196,1
"247",841,5,185,NA,262,1
"248",843,5,185,NA,332,1
"249",845,5,185,NA,291,1
"250",849,6,186,NA,106,1
"251",851,6,186,NA,52,1
"252",853,3,187,NA,257,1
"253",860,4,189,NA,115,1
"254",872,4,192,NA,277,1
"255",878,4,194,NA,16,1
"256",880,4,194,NA,13,1
"257",889,5,196,NA,54,1
"258",890,5,196,NA,139,1
"259",891,5,196,NA,214,1
"260",896,6,197,NA,259,1
"261",900,5,198,NA,305,1
"262",901,5,198,NA,257,1
"263",907,5,199,NA,110,1
"264",908,6,200,NA,290,1
"265",911,6,200,NA,170,1
"266",914,3,201,NA,236,1
"267",915,3,201,NA,202,1
"268",917,6,202,NA,276,1
"269",918,6,202,NA,308,1
"270",920,6,202,NA,92,1
"271",922,6,202,NA,124,1
"272",925,5,203,NA,89,1
"273",929,6,204,NA,44,1
"274",931,6,204,NA,90,1
"275",934,5,205,NA,337,1
"276",935,5,205,NA,103,1
"277",939,5,206,NA,310,1
"278",941,5,206,NA,39,1
"279",944,6,207,NA,298,1
"280",945,6,207,NA,264,1
"281",951,3,208,NA,32,1
"282",959,6,210,NA,363,1
"283",963,3,211,NA,207,1
"284",967,6,212,NA,163,1
"285",980,5,214,NA,163,1
"286",984,6,216,NA,270,1
"287",987,6,216,NA,270,1
"288",990,6,217,NA,268,1
"289",991,6,217,NA,233,1
"290",994,6,217,NA,263,1
"291",999,5,218,NA,149,1
"292",1,3,1,NA,23,2
"293",3,3,1,NA,354,2
"294",10,5,3,NA,137,2
"295",12,4,4,NA,3,2
"296",17,4,5,NA,132,2
"297",25,3,7,NA,278,2
"298",30,6,8,NA,292,2
"299",31,6,8,NA,71,2
"300",32,6,8,NA,221,2
"301",35,5,9,NA,236,2
"302",37,5,9,NA,108,2
"303",47,3,12,NA,206,2
"304",56,5,15,NA,32,2
"305",57,5,15,NA,243,2
"306",58,5,15,NA,58,2
"307",62,4,16,NA,154,2
"308",76,4,19,NA,125,2
"309",78,4,19,NA,229,2
"310",81,4,20,NA,82,2
"311",82,4,20,NA,177,2
"312",84,4,21,NA,157,2
"313",87,6,22,NA,156,2
"314",88,6,22,NA,52,2
"315",90,6,22,NA,132,2
"316",92,6,22,NA,52,2
"317",96,5,23,NA,308,2
"318",97,5,23,NA,275,2
"319",99,3,24,NA,107,2
"320",106,6,25,NA,194,2
"321",111,3,27,NA,152,2
"322",114,5,28,NA,72,2
"323",115,5,28,NA,301,2
"324",117,5,28,NA,63,2
"325",118,5,28,NA,4,2
"326",119,3,29,NA,16,2
"327",121,3,29,NA,363,2
"328",122,5,30,NA,199,2
"329",124,5,30,NA,337,2
"330",125,5,30,NA,38,2
"331",127,6,31,NA,358,2
"332",128,6,31,NA,148,2
"333",130,6,31,NA,58,2
"334",132,6,31,NA,233,2
"335",135,4,32,NA,23,2
"336",136,4,32,NA,332,2
"337",140,4,34,NA,247,2
"338",142,4,34,NA,52,2
"339",144,4,35,NA,74,2
"340",146,4,35,NA,83,2
"341",147,4,35,NA,153,2
"342",155,4,37,NA,293,2
"343",163,3,39,NA,38,2
"344",167,5,40,NA,125,2
"345",189,6,44,NA,159,2
"346",191,4,45,NA,308,2
"347",198,5,47,NA,179,2
"348",202,5,48,NA,300,2
"349",211,3,50,NA,154,2
"350",213,4,51,NA,104,2
"351",216,4,51,NA,218,2
"352",217,4,52,NA,165,2
"353",220,4,52,NA,275,2
"354",223,6,53,NA,243,2
"355",228,4,54,NA,77,2
"356",229,4,54,NA,229,2
"357",230,4,54,NA,142,2
"358",251,6,60,NA,139,2
"359",254,6,60,NA,328,2
"360",255,6,60,NA,331,2
"361",256,6,60,NA,342,2
"362",258,6,61,NA,101,2
"363",262,6,61,NA,40,2
"364",264,4,62,NA,154,2
"365",267,6,63,NA,4,2
"366",272,6,63,NA,264,2
"367",273,3,64,NA,261,2
"368",275,3,64,NA,160,2
"369",279,6,65,NA,287,2
"370",290,6,68,NA,155,2
"371",291,6,68,NA,43,2
"372",292,6,68,NA,100,2
"373",295,3,69,NA,15,2
"374",297,3,70,NA,40,2
"375",298,3,70,NA,140,2
"376",299,3,70,NA,9,2
"377",308,4,72,NA,311,2
"378",310,5,73,NA,43,2
"379",311,5,73,NA,287,2
"380",317,5,74,NA,304,2
"381",322,4,75,NA,128,2
"382",327,6,76,NA,293,2
"383",331,5,77,NA,223,2
"384",334,3,78,NA,60,2
"385",336,3,78,NA,29,2
"386",341,5,80,NA,285,2
"387",343,5,80,NA,161,2
"388",345,5,80,NA,322,2
"389",347,6,81,NA,68,2
"390",350,6,81,NA,86,2
"391",353,3,82,NA,338,2
"392",356,5,83,NA,320,2
"393",378,6,88,NA,95,2
"394",385,3,89,NA,339,2
"395",388,5,90,NA,308,2
"396",389,5,90,NA,4,2
"397",390,5,90,NA,82,2
"398",400,3,93,NA,154,2
"399",403,5,94,NA,210,2
"400",409,4,95,NA,142,2
"401",421,4,98,NA,238,2
"402",422,4,98,NA,10,2
"403",425,4,99,NA,346,2
"404",431,3,100,NA,7,2
"405",433,6,101,NA,148,2
"406",435,6,101,NA,340,2
"407",436,6,101,NA,247,2
"408",440,5,102,NA,259,2
"409",442,5,102,NA,363,2
"410",446,4,103,NA,42,2
"411",447,3,104,NA,186,2
"412",461,5,107,NA,151,2
"413",465,4,108,NA,50,2
"414",472,6,109,NA,218,2
"415",481,3,111,NA,197,2
"416",485,5,112,NA,357,2
"417",492,6,114,NA,34,2
"418",494,6,114,NA,12,2
"419",496,6,114,NA,41,2
"420",502,5,115,NA,258,2
"421",505,5,116,NA,164,2
"422",506,5,116,NA,24,2
"423",507,5,116,NA,216,2
"424",510,5,117,NA,262,2
"425",511,5,117,NA,261,2
"426",512,5,117,NA,257,2
"427",513,5,118,NA,121,2
"428",514,5,118,NA,176,2
"429",516,5,118,NA,262,2
"430",518,5,119,NA,163,2
"431",521,5,119,NA,203,2
"432",527,5,120,NA,361,2
"433",533,6,121,NA,322,2
"434",535,5,122,NA,352,2
"435",539,3,123,NA,95,2
"436",543,5,124,NA,203,2
"437",565,3,129,NA,130,2
"438",573,4,131,NA,334,2
"439",574,6,132,NA,290,2
"440",576,6,132,NA,191,2
"441",577,6,132,NA,255,2
"442",579,6,132,NA,233,2
"443",580,6,133,NA,111,2
"444",583,6,133,NA,253,2
"445",584,6,133,NA,75,2
"446",585,6,133,NA,100,2
"447",586,4,134,NA,268,2
"448",591,3,135,NA,88,2
"449",595,5,136,NA,188,2
"450",599,6,137,NA,233,2
"451",601,6,137,NA,203,2
"452",606,5,138,NA,316,2
"453",612,5,140,NA,301,2
"454",613,5,140,NA,322,2
"455",616,5,140,NA,180,2
"456",620,4,141,NA,161,2
"457",624,5,142,NA,331,2
"458",627,3,143,NA,42,2
"459",628,3,143,NA,158,2
"460",634,6,144,NA,112,2
"461",635,6,145,NA,348,2
"462",636,6,145,NA,283,2
"463",637,6,145,NA,356,2
"464",638,6,145,NA,128,2
"465",639,6,145,NA,354,2
"466",640,6,145,NA,282,2
"467",645,4,147,NA,186,2
"468",650,4,148,NA,195,2
"469",654,3,149,NA,128,2
"470",655,3,150,NA,31,2
"471",657,3,150,NA,256,2
"472",659,3,151,NA,358,2
"473",662,3,152,NA,186,2
"474",663,3,152,NA,104,2
"475",666,4,153,NA,92,2
"476",667,4,153,NA,258,2
"477",669,4,154,NA,258,2
"478",670,4,154,NA,118,2
"479",678,3,156,NA,68,2
"480",679,5,157,NA,134,2
"481",682,5,157,NA,349,2
"482",694,5,160,NA,251,2
"483",697,5,160,NA,142,2
"484",698,5,160,NA,363,2
"485",710,6,163,NA,110,2
"486",712,4,164,NA,320,2
"487",713,4,164,NA,157,2
"488",717,5,165,NA,50,2
"489",718,5,165,NA,295,2
"490",722,5,166,NA,306,2
"491",725,5,166,NA,211,2
"492",733,4,168,NA,53,2
"493",738,4,170,NA,219,2
"494",741,4,171,NA,278,2
"495",742,4,171,NA,163,2
"496",743,4,171,NA,163,2
"497",745,3,172,NA,139,2
"498",751,5,173,NA,253,2
"499",756,5,174,NA,350,2
"500",761,4,175,NA,231,2
"501",764,4,176,NA,307,2
"502",769,5,177,NA,332,2
"503",776,5,179,NA,279,2
"504",778,5,179,NA,214,2
"505",786,5,181,NA,35,2
"506",790,5,182,NA,143,2
"507",793,5,182,NA,314,2
"508",794,5,182,NA,92,2
"509",796,4,183,NA,278,2
"510",798,4,183,NA,358,2
"511",800,4,184,NA,235,2
"512",802,4,184,NA,231,2
"513",804,4,185,NA,88,2
"514",805,4,185,NA,198,2
"515",809,4,186,NA,331,2
"516",811,3,187,NA,248,2
"517",813,3,187,NA,71,2
"518",814,5,188,NA,203,2
"519",817,5,188,NA,125,2
"520",824,3,190,NA,175,2
"521",825,3,190,NA,290,2
"522",826,3,190,NA,2,2
"523",827,6,191,NA,330,2
"524",830,6,191,NA,326,2
"525",831,6,191,NA,17,2
"526",841,4,194,NA,99,2
"527",842,4,194,NA,77,2
"528",846,4,195,NA,179,2
"529",848,4,195,NA,247,2
"530",852,4,196,NA,143,2
"531",853,3,197,NA,307,2
"532",855,3,197,NA,219,2
"533",859,6,199,NA,324,2
"534",864,6,199,NA,218,2
"535",866,3,200,NA,197,2
"536",868,4,201,NA,323,2
"537",869,4,201,NA,318,2
"538",870,4,201,NA,123,2
"539",874,3,202,NA,49,2
"540",885,6,205,NA,294,2
"541",887,6,205,NA,230,2
"542",888,6,205,NA,6,2
"543",891,3,206,NA,78,2
"544",895,3,207,NA,190,2
"545",896,6,208,NA,79,2
"546",898,6,208,NA,49,2
"547",901,6,208,NA,4,2
"548",904,3,209,NA,105,2
"549",905,6,210,NA,114,2
"550",912,5,211,NA,35,2
"551",913,5,211,NA,174,2
"552",914,5,211,NA,296,2
"553",916,4,212,NA,142,2
"554",918,4,212,NA,13,2
"555",924,6,213,NA,36,2
"556",929,6,214,NA,12,2
"557",931,6,214,NA,110,2
"558",934,3,215,NA,267,2
"559",935,3,216,NA,112,2
"560",936,3,216,NA,336,2
"561",937,3,216,NA,93,2
"562",939,4,217,NA,140,2
"563",941,4,217,NA,173,2
"564",945,6,218,NA,147,2
"565",947,6,218,NA,206,2
"566",952,3,220,NA,63,2
"567",955,3,221,NA,121,2
"568",960,4,222,NA,251,2
"569",964,5,223,NA,308,2
"570",967,3,224,NA,156,2
"571",976,5,226,NA,190,2
"572",977,5,226,NA,301,2
"573",982,4,227,NA,67,2
"574",983,4,227,NA,123,2
"575",988,6,228,NA,43,2
"576",991,3,229,NA,35,2
"577",994,5,230,NA,315,2
"578",995,5,230,NA,276,2
"579",996,5,230,NA,131,2
"580",1000,3,231,NA,122,2
"581",6,4,2,NA,230,3
"582",7,4,2,NA,2,3
"583",8,4,2,NA,214,3
"584",23,6,5,NA,185,3
"585",24,6,5,NA,273,3
"586",27,4,6,NA,120,3
"587",35,6,8,NA,113,3
"588",48,6,10,NA,178,3
"589",49,6,10,NA,245,3
"590",52,5,11,NA,320,3
"591",54,5,11,NA,245,3
"592",55,3,12,NA,174,3
"593",57,3,12,NA,23,3
"594",58,3,13,NA,165,3
"595",61,4,14,NA,154,3
"596",65,6,15,NA,19,3
"597",66,6,15,NA,301,3
"598",71,3,16,NA,365,3
"599",72,3,16,NA,70,3
"600",73,3,16,NA,330,3
"601",75,5,17,NA,326,3
"602",79,4,18,NA,140,3
"603",82,4,18,NA,147,3
"604",84,6,19,NA,133,3
"605",85,6,19,NA,325,3
"606",90,4,20,NA,287,3
"607",97,6,21,NA,197,3
"608",98,6,21,NA,183,3
"609",99,6,22,NA,298,3
"610",104,6,22,NA,244,3
"611",109,5,23,NA,214,3
"612",112,6,24,NA,186,3
"613",113,6,24,NA,225,3
"614",121,5,26,NA,200,3
"615",122,5,26,NA,168,3
"616",127,4,28,NA,122,3
"617",129,4,28,NA,274,3
"618",130,4,28,NA,4,3
"619",137,4,30,NA,101,3
"620",141,4,31,NA,250,3
"621",144,6,32,NA,197,3
"622",150,5,33,NA,1,3
"623",152,5,33,NA,8,3
"624",155,4,34,NA,256,3
"625",158,4,35,NA,151,3
"626",162,5,36,NA,316,3
"627",166,5,36,NA,215,3
"628",167,6,37,NA,38,3
"629",168,6,37,NA,87,3
"630",173,3,38,NA,5,3
"631",175,3,38,NA,201,3
"632",177,3,39,NA,105,3
"633",179,3,40,NA,103,3
"634",182,4,41,NA,137,3
"635",183,4,41,NA,45,3
"636",184,4,41,NA,358,3
"637",185,4,41,NA,65,3
"638",187,3,42,NA,349,3
"639",191,4,43,NA,11,3
"640",194,4,44,NA,66,3
"641",199,6,45,NA,150,3
"642",209,6,47,NA,108,3
"643",210,6,47,NA,286,3
"644",212,6,47,NA,68,3
"645",213,6,47,NA,113,3
"646",214,6,47,NA,104,3
"647",217,4,48,NA,113,3
"648",218,4,48,NA,198,3
"649",219,4,49,NA,286,3
"650",221,4,49,NA,145,3
"651",231,6,51,NA,188,3
"652",234,3,52,NA,316,3
"653",237,4,53,NA,199,3
"654",240,4,53,NA,54,3
"655",243,3,54,NA,335,3
"656",245,3,55,NA,307,3
"657",263,5,60,NA,35,3
"658",266,5,60,NA,227,3
"659",267,5,60,NA,172,3
"660",268,6,61,NA,194,3
"661",269,6,61,NA,116,3
"662",270,6,61,NA,66,3
"663",272,6,61,NA,313,3
"664",273,6,61,NA,301,3
"665",280,5,63,NA,157,3
"666",282,5,63,NA,53,3
"667",285,5,64,NA,143,3
"668",290,4,65,NA,40,3
"669",296,3,67,NA,297,3
"670",297,3,67,NA,358,3
"671",302,5,68,NA,248,3
"672",304,6,69,NA,333,3
"673",306,6,69,NA,101,3
"674",308,6,69,NA,144,3
"675",309,6,69,NA,124,3
"676",310,3,70,NA,210,3
"677",314,3,71,NA,350,3
"678",315,3,71,NA,100,3
"679",317,5,72,NA,318,3
"680",318,5,72,NA,2,3
"681",320,5,72,NA,33,3
"682",329,4,75,NA,296,3
"683",330,4,75,NA,281,3
"684",335,6,77,NA,344,3
"685",336,6,77,NA,23,3
"686",337,6,77,NA,325,3
"687",340,6,77,NA,31,3
"688",343,6,78,NA,8,3
"689",344,6,78,NA,255,3
"690",345,6,78,NA,204,3
"691",346,6,78,NA,69,3
"692",350,5,80,NA,190,3
"693",351,5,80,NA,132,3
"694",353,5,80,NA,360,3
"695",358,4,81,NA,144,3
"696",360,3,82,NA,358,3
"697",363,6,83,NA,115,3
"698",365,6,83,NA,165,3
"699",366,6,83,NA,138,3
"700",369,5,84,NA,133,3
"701",377,6,85,NA,329,3
"702",383,5,87,NA,171,3
"703",388,4,88,NA,168,3
"704",389,4,88,NA,357,3
"705",391,5,89,NA,209,3
"706",392,5,89,NA,185,3
"707",399,5,90,NA,25,3
"708",403,5,91,NA,279,3
"709",404,5,91,NA,258,3
"710",405,5,91,NA,219,3
"711",406,5,92,NA,102,3
"712",409,5,92,NA,7,3
"713",411,3,93,NA,175,3
"714",412,3,93,NA,158,3
"715",413,3,93,NA,156,3
"716",422,5,95,NA,169,3
"717",424,5,95,NA,142,3
"718",425,5,96,NA,19,3
"719",431,5,97,NA,322,3
"720",439,5,98,NA,184,3
"721",440,3,99,NA,340,3
"722",445,6,100,NA,161,3
"723",452,4,101,NA,63,3
"724",454,5,102,NA,90,3
"725",456,5,102,NA,105,3
"726",460,5,103,NA,248,3
"727",461,5,103,NA,67,3
"728",470,5,105,NA,208,3
"729",472,3,106,NA,16,3
"730",475,4,107,NA,174,3
"731",487,4,110,NA,50,3
"732",495,5,111,NA,73,3
"733",496,3,112,NA,183,3
"734",507,3,115,NA,153,3
"735",510,6,116,NA,56,3
"736",516,4,117,NA,141,3
"737",517,4,117,NA,4,3
"738",526,4,119,NA,156,3
"739",528,6,120,NA,291,3
"740",532,6,120,NA,5,3
"741",533,6,120,NA,94,3
"742",536,4,121,NA,66,3
"743",537,4,121,NA,240,3
"744",540,5,122,NA,109,3
"745",541,5,122,NA,1,3
"746",542,5,122,NA,47,3
"747",546,5,123,NA,102,3
"748",549,5,124,NA,282,3
"749",550,5,124,NA,327,3
"750",551,5,124,NA,291,3
"751",554,4,125,NA,8,3
"752",555,4,125,NA,38,3
"753",562,6,126,NA,321,3
"754",564,5,127,NA,191,3
"755",565,5,127,NA,336,3
"756",573,4,129,NA,322,3
"757",575,4,130,NA,175,3
"758",576,4,130,NA,89,3
"759",577,4,130,NA,19,3
"760",583,6,132,NA,150,3
"761",585,6,132,NA,300,3
"762",596,3,135,NA,251,3
"763",599,6,136,NA,174,3
"764",600,6,136,NA,17,3
"765",602,6,136,NA,66,3
"766",603,3,137,NA,49,3
"767",609,6,138,NA,157,3
"768",610,6,138,NA,247,3
"769",612,5,139,NA,43,3
"770",615,5,139,NA,172,3
"771",619,5,140,NA,191,3
"772",622,6,141,NA,163,3
"773",623,6,141,NA,350,3
"774",624,6,141,NA,140,3
"775",626,6,141,NA,212,3
"776",628,4,142,NA,126,3
"777",630,4,142,NA,272,3
"778",645,5,145,NA,353,3
"779",647,4,146,NA,44,3
"780",648,4,146,NA,295,3
"781",651,3,147,NA,310,3
"782",652,3,147,NA,238,3
"783",654,3,148,NA,181,3
"784",667,6,152,NA,13,3
"785",669,6,152,NA,3,3
"786",671,6,153,NA,109,3
"787",674,6,153,NA,146,3
"788",679,6,154,NA,260,3
"789",682,6,154,NA,99,3
"790",690,5,156,NA,209,3
"791",691,5,156,NA,189,3
"792",692,5,156,NA,6,3
"793",693,5,156,NA,122,3
"794",697,5,157,NA,120,3
"795",698,5,157,NA,257,3
"796",701,3,158,NA,276,3
"797",704,3,159,NA,301,3
"798",706,5,160,NA,179,3
"799",709,5,160,NA,209,3
"800",712,5,161,NA,251,3
"801",715,5,162,NA,77,3
"802",717,5,162,NA,255,3
"803",718,5,162,NA,109,3
"804",722,6,163,NA,262,3
"805",739,4,166,NA,45,3
"806",741,5,167,NA,167,3
"807",746,6,168,NA,196,3
"808",749,6,168,NA,2,3
"809",751,5,169,NA,232,3
"810",754,5,169,NA,255,3
"811",761,6,171,NA,12,3
"812",762,6,171,NA,33,3
"813",766,4,172,NA,261,3
"814",770,5,173,NA,88,3
"815",785,3,176,NA,295,3
"816",786,3,176,NA,39,3
"817",790,6,177,NA,218,3
"818",792,6,177,NA,312,3
"819",793,4,178,NA,173,3
"820",799,4,179,NA,90,3
"821",800,4,179,NA,328,3
"822",805,6,180,NA,331,3
"823",808,6,181,NA,117,3
"824",811,6,181,NA,171,3
"825",812,6,181,NA,80,3
"826",813,5,182,NA,209,3
"827",816,5,182,NA,341,3
"828",817,5,182,NA,107,3
"829",822,4,184,NA,173,3
"830",825,5,185,NA,101,3
"831",829,5,185,NA,63,3
"832",834,6,186,NA,38,3
"833",839,6,188,NA,129,3
"834",843,6,188,NA,1,3
"835",845,3,189,NA,146,3
"836",846,3,189,NA,35,3
"837",848,3,190,NA,190,3
"838",849,3,190,NA,201,3
"839",850,3,190,NA,209,3
"840",853,3,191,NA,90,3
"841",857,4,192,NA,219,3
"842",858,6,193,NA,234,3
"843",876,6,197,NA,246,3
"844",877,6,197,NA,233,3
"845",881,5,198,NA,319,3
"846",885,5,199,NA,95,3
"847",886,5,199,NA,11,3
"848",901,6,202,NA,9,3
"849",907,5,203,NA,130,3
"850",921,6,207,NA,293,3
"851",923,6,207,NA,175,3
"852",926,3,208,NA,144,3
"853",927,3,208,NA,25,3
"854",928,3,208,NA,173,3
"855",931,5,209,NA,73,3
"856",936,5,210,NA,40,3
"857",939,5,211,NA,184,3
"858",951,3,214,NA,105,3
"859",955,5,215,NA,225,3
"860",961,3,216,NA,347,3
"861",965,3,218,NA,223,3
"862",968,5,219,NA,26,3
"863",975,6,220,NA,192,3
"864",978,6,220,NA,115,3
"865",979,3,221,NA,178,3
"866",981,3,221,NA,109,3
"867",982,3,222,NA,13,3
"868",985,6,223,NA,28,3
"869",986,6,223,NA,47,3
"870",987,6,223,NA,266,3
"871",989,6,223,NA,194,3
"872",991,5,224,NA,359,3
"873",2,6,1,NA,190,4
"874",7,3,2,NA,28,4
"875",15,5,4,NA,330,4
"876",16,5,4,NA,160,4
"877",26,4,7,NA,329,4
"878",31,3,8,NA,264,4
"879",34,5,9,NA,167,4
"880",38,5,10,NA,338,4
"881",43,6,11,NA,26,4
"882",50,5,12,NA,113,4
"883",53,4,13,NA,128,4
"884",56,4,13,NA,138,4
"885",60,6,15,NA,255,4
"886",65,6,15,NA,145,4
"887",67,6,16,NA,294,4
"888",68,6,16,NA,296,4
"889",70,6,16,NA,210,4
"890",72,3,17,NA,292,4
"891",75,6,18,NA,243,4
"892",76,6,18,NA,49,4
"893",79,6,18,NA,83,4
"894",80,6,18,NA,30,4
"895",83,6,19,NA,63,4
"896",88,3,20,NA,33,4
"897",97,4,22,NA,297,4
"898",99,5,23,NA,8,4
"899",101,5,23,NA,38,4
"900",102,5,23,NA,154,4
"901",110,6,25,NA,38,4
"902",112,6,25,NA,22,4
"903",118,4,26,NA,21,4
"904",123,5,28,NA,204,4
"905",125,5,28,NA,319,4
"906",127,5,28,NA,345,4
"907",128,5,29,NA,315,4
"908",130,5,29,NA,29,4
"909",132,5,29,NA,181,4
"910",135,5,30,NA,85,4
"911",137,5,30,NA,71,4
"912",139,3,31,NA,13,4
"913",149,4,33,NA,295,4
"914",154,5,34,NA,175,4
"915",155,5,34,NA,186,4
"916",161,3,36,NA,43,4
"917",164,5,37,NA,84,4
"918",165,5,37,NA,138,4
"919",176,6,40,NA,188,4
"920",183,6,41,NA,72,4
"921",184,6,41,NA,35,4
"922",186,6,41,NA,135,4
"923",190,5,42,NA,159,4
"924",193,4,43,NA,82,4
"925",197,3,44,NA,129,4
"926",199,3,44,NA,197,4
"927",202,5,45,NA,99,4
"928",210,4,47,NA,24,4
"929",215,4,48,NA,86,4
"930",216,5,49,NA,258,4
"931",218,5,49,NA,91,4
"932",219,5,49,NA,284,4
"933",223,3,50,NA,355,4
"934",226,3,51,NA,6,4
"935",227,6,52,NA,244,4
"936",228,6,52,NA,125,4
"937",230,6,52,NA,10,4
"938",234,3,53,NA,355,4
"939",243,3,55,NA,109,4
"940",244,5,56,NA,69,4
"941",247,5,56,NA,45,4
"942",250,4,57,NA,190,4
"943",251,4,57,NA,293,4
"944",255,5,58,NA,235,4
"945",257,5,58,NA,153,4
"946",259,6,59,NA,224,4
"947",260,6,59,NA,35,4
"948",261,6,59,NA,192,4
"949",262,6,59,NA,212,4
"950",263,6,59,NA,258,4
"951",268,5,61,NA,344,4
"952",270,5,61,NA,356,4
"953",272,3,62,NA,123,4
"954",276,4,63,NA,305,4
"955",283,4,65,NA,257,4
"956",284,4,65,NA,91,4
"957",288,4,66,NA,239,4
"958",292,3,67,NA,179,4
"959",293,4,68,NA,275,4
"960",294,4,68,NA,65,4
"961",302,4,70,NA,181,4
"962",303,4,70,NA,49,4
"963",311,3,72,NA,272,4
"964",314,3,73,NA,270,4
"965",317,6,74,NA,116,4
"966",324,5,75,NA,352,4
"967",327,4,76,NA,305,4
"968",329,4,76,NA,218,4
"969",332,4,77,NA,254,4
"970",335,6,78,NA,285,4
"971",339,6,78,NA,166,4
"972",340,3,79,NA,220,4
"973",341,3,79,NA,205,4
"974",343,3,80,NA,249,4
"975",345,3,80,NA,19,4
"976",351,3,82,NA,199,4
"977",352,4,83,NA,106,4
"978",353,4,83,NA,351,4
"979",356,3,84,NA,354,4
"980",357,3,84,NA,132,4
"981",359,4,85,NA,88,4
"982",360,4,85,NA,237,4
"983",361,4,85,NA,102,4
"984",362,4,85,NA,92,4
"985",368,4,87,NA,69,4
"986",370,3,88,NA,95,4
"987",371,3,88,NA,242,4
"988",372,3,88,NA,119,4
"989",376,6,90,NA,101,4
"990",378,6,90,NA,171,4
"991",381,6,90,NA,235,4
"992",401,5,95,NA,59,4
"993",402,5,95,NA,253,4
"994",403,3,96,NA,202,4
"995",406,6,97,NA,198,4
"996",411,6,97,NA,80,4
"997",412,3,98,NA,292,4
"998",415,3,99,NA,231,4
"999",418,4,100,NA,120,4
"1000",419,4,100,NA,157,4
"1001",420,4,100,NA,218,4
"1002",423,4,101,NA,205,4
"1003",426,6,102,NA,235,4
"1004",430,6,102,NA,69,4
"1005",432,3,103,NA,142,4
"1006",434,3,103,NA,362,4
"1007",439,6,104,NA,136,4
"1008",440,6,104,NA,346,4
"1009",441,3,105,NA,128,4
"1010",442,3,105,NA,61,4
"1011",445,5,106,NA,234,4
"1012",455,3,108,NA,49,4
"1013",456,3,108,NA,365,4
"1014",458,5,109,NA,346,4
"1015",464,4,110,NA,14,4
"1016",465,4,110,NA,351,4
"1017",466,4,110,NA,17,4
"1018",467,3,111,NA,75,4
"1019",475,6,113,NA,193,4
"1020",477,6,113,NA,222,4
"1021",478,6,113,NA,365,4
"1022",479,6,113,NA,289,4
"1023",481,5,114,NA,354,4
"1024",482,5,114,NA,358,4
"1025",483,5,114,NA,77,4
"1026",486,3,115,NA,352,4
"1027",490,3,116,NA,102,4
"1028",492,3,117,NA,218,4
"1029",496,3,118,NA,130,4
"1030",499,5,119,NA,138,4
"1031",504,5,120,NA,261,4
"1032",506,5,120,NA,65,4
"1033",507,5,120,NA,279,4
"1034",508,6,121,NA,15,4
"1035",511,6,121,NA,359,4
"1036",519,4,123,NA,309,4
"1037",520,4,123,NA,138,4
"1038",522,3,124,NA,147,4
"1039",523,3,124,NA,200,4
"1040",526,6,125,NA,208,4
"1041",529,6,125,NA,265,4
"1042",530,6,125,NA,108,4
"1043",531,3,126,NA,357,4
"1044",532,3,126,NA,230,4
"1045",539,3,128,NA,102,4
"1046",543,4,130,NA,22,4
"1047",545,4,130,NA,222,4
"1048",549,4,131,NA,219,4
"1049",552,4,132,NA,181,4
"1050",553,4,132,NA,9,4
"1051",555,6,133,NA,84,4
"1052",556,6,133,NA,135,4
"1053",559,6,133,NA,52,4
"1054",561,3,134,NA,345,4
"1055",564,6,135,NA,33,4
"1056",568,6,135,NA,201,4
"1057",573,3,137,NA,161,4
"1058",575,3,137,NA,189,4
"1059",576,6,138,NA,124,4
"1060",580,6,138,NA,253,4
"1061",582,6,139,NA,320,4
"1062",602,6,143,NA,192,4
"1063",606,6,143,NA,42,4
"1064",607,6,143,NA,45,4
"1065",613,3,145,NA,66,4
"1066",614,3,145,NA,240,4
"1067",619,3,147,NA,124,4
"1068",620,3,147,NA,266,4
"1069",621,3,147,NA,349,4
"1070",622,6,148,NA,107,4
"1071",628,5,149,NA,56,4
"1072",629,5,149,NA,6,4
"1073",630,5,149,NA,349,4
"1074",631,5,149,NA,136,4
"1075",636,5,150,NA,214,4
"1076",642,4,152,NA,57,4
"1077",643,4,152,NA,18,4
"1078",644,4,152,NA,337,4
"1079",646,3,153,NA,137,4
"1080",648,3,153,NA,344,4
"1081",652,5,154,NA,276,4
"1082",659,3,156,NA,304,4
"1083",660,3,156,NA,155,4
"1084",662,4,157,NA,106,4
"1085",672,4,159,NA,139,4
"1086",674,3,160,NA,151,4
"1087",681,6,161,NA,26,4
"1088",685,5,162,NA,8,4
"1089",691,5,164,NA,169,4
"1090",694,5,164,NA,12,4
"1091",697,5,165,NA,23,4
"1092",699,5,165,NA,320,4
"1093",700,5,165,NA,302,4
"1094",702,3,166,NA,140,4
"1095",708,5,168,NA,18,4
"1096",710,5,168,NA,233,4
"1097",714,6,169,NA,124,4
"1098",715,6,169,NA,26,4
"1099",719,4,170,NA,34,4
"1100",720,4,170,NA,161,4
"1101",721,4,170,NA,364,4
"1102",722,4,170,NA,143,4
"1103",724,3,171,NA,142,4
"1104",729,3,173,NA,303,4
"1105",734,3,174,NA,37,4
"1106",738,6,176,NA,199,4
"1107",740,6,176,NA,307,4
"1108",741,6,176,NA,314,4
"1109",742,6,176,NA,150,4
"1110",743,6,176,NA,254,4
"1111",746,6,177,NA,87,4
"1112",751,3,178,NA,120,4
"1113",753,5,179,NA,204,4
"1114",757,5,179,NA,186,4
"1115",758,6,180,NA,286,4
"1116",763,6,180,NA,335,4
"1117",766,5,181,NA,42,4
"1118",768,5,181,NA,154,4
"1119",769,3,182,NA,322,4
"1120",773,5,183,NA,101,4
"1121",775,5,183,NA,200,4
"1122",777,4,184,NA,105,4
"1123",778,4,184,NA,319,4
"1124",780,4,184,NA,263,4
"1125",781,5,185,NA,283,4
"1126",784,5,185,NA,78,4
"1127",786,6,186,NA,326,4
"1128",788,6,186,NA,303,4
"1129",792,3,187,NA,192,4
"1130",796,4,188,NA,29,4
"1131",797,4,188,NA,140,4
"1132",800,3,189,NA,354,4
"1133",806,6,191,NA,210,4
"1134",808,6,191,NA,119,4
"1135",816,3,193,NA,197,4
"1136",818,3,193,NA,299,4
"1137",821,3,194,NA,76,4
"1138",825,4,195,NA,360,4
"1139",827,3,196,NA,121,4
"1140",832,6,197,NA,314,4
"1141",835,4,198,NA,264,4
"1142",840,4,199,NA,184,4
"1143",842,4,199,NA,42,4
"1144",845,6,200,NA,238,4
"1145",846,6,200,NA,262,4
"1146",848,6,200,NA,93,4
"1147",855,6,203,NA,49,4
"1148",866,6,204,NA,340,4
"1149",867,5,205,NA,241,4
"1150",874,3,206,NA,63,4
"1151",876,6,207,NA,242,4
"1152",879,6,207,NA,228,4
"1153",889,6,209,NA,134,4
"1154",893,3,211,NA,51,4
"1155",899,4,212,NA,225,4
"1156",907,6,215,NA,36,4
"1157",910,6,215,NA,239,4
"1158",912,6,215,NA,4,4
"1159",913,4,216,NA,41,4
"1160",915,4,216,NA,21,4
"1161",919,3,217,NA,317,4
"1162",921,4,218,NA,328,4
"1163",928,5,220,NA,95,4
"1164",930,5,220,NA,99,4
"1165",931,5,220,NA,286,4
"1166",932,5,220,NA,254,4
"1167",938,3,222,NA,48,4
"1168",939,4,223,NA,265,4
"1169",940,4,223,NA,211,4
"1170",944,6,224,NA,298,4
"1171",947,6,224,NA,304,4
"1172",950,3,225,NA,172,4
"1173",954,5,226,NA,335,4
"1174",958,5,227,NA,25,4
"1175",962,5,228,NA,191,4
"1176",965,5,228,NA,76,4
"1177",966,5,228,NA,43,4
"1178",968,6,229,NA,270,4
"1179",972,6,229,NA,209,4
"1180",980,3,231,NA,103,4
"1181",981,3,231,NA,303,4
"1182",982,4,232,NA,351,4
"1183",984,4,232,NA,75,4
"1184",987,5,233,NA,26,4
"1185",989,5,233,NA,78,4
"1186",991,5,234,NA,220,4
"1187",995,5,234,NA,130,4
"1188",997,5,235,NA,92,4
"1189",998,5,235,NA,177,4
"1190",999,5,235,NA,89,4
"1191",1,4,1,NA,184,5
"1192",6,4,2,NA,245,5
"1193",7,4,2,NA,131,5
"1194",11,5,3,NA,39,5
"1195",14,4,4,NA,290,5
"1196",18,5,5,NA,131,5
"1197",21,5,5,NA,34,5
"1198",22,5,5,NA,35,5
"1199",27,4,7,NA,161,5
"1200",29,4,7,NA,113,5
"1201",30,3,8,NA,11,5
"1202",32,3,8,NA,305,5
"1203",33,4,9,NA,198,5
"1204",34,4,9,NA,361,5
"1205",39,3,10,NA,30,5
"1206",40,6,11,NA,123,5
"1207",41,6,11,NA,177,5
"1208",42,6,11,NA,185,5
"1209",45,6,11,NA,269,5
"1210",46,6,12,NA,331,5
"1211",54,4,13,NA,15,5
"1212",55,4,13,NA,272,5
"1213",63,5,16,NA,29,5
"1214",65,5,16,NA,211,5
"1215",71,6,17,NA,293,5
"1216",73,6,17,NA,10,5
"1217",75,5,18,NA,125,5
"1218",76,5,18,NA,115,5
"1219",77,5,18,NA,141,5
"1220",78,5,18,NA,300,5
"1221",79,4,19,NA,108,5
"1222",84,5,20,NA,276,5
"1223",85,5,20,NA,41,5
"1224",88,6,21,NA,194,5
"1225",90,6,21,NA,295,5
"1226",93,6,21,NA,333,5
"1227",94,3,22,NA,157,5
"1228",109,5,25,NA,133,5
"1229",118,4,27,NA,14,5
"1230",121,3,28,NA,216,5
"1231",123,5,29,NA,302,5
"1232",131,4,30,NA,229,5
"1233",136,4,32,NA,240,5
"1234",138,4,32,NA,277,5
"1235",142,4,33,NA,14,5
"1236",146,4,34,NA,3,5
"1237",147,4,35,NA,356,5
"1238",150,4,35,NA,27,5
"1239",153,5,36,NA,46,5
"1240",157,3,37,NA,9,5
"1241",158,3,37,NA,240,5
"1242",162,6,38,NA,307,5
"1243",163,6,38,NA,252,5
"1244",166,3,39,NA,88,5
"1245",167,3,39,NA,136,5
"1246",181,6,42,NA,132,5
"1247",184,5,43,NA,146,5
"1248",187,5,43,NA,106,5
"1249",195,3,46,NA,58,5
"1250",201,5,47,NA,129,5
"1251",205,5,48,NA,164,5
"1252",209,4,49,NA,90,5
"1253",210,4,49,NA,363,5
"1254",212,6,50,NA,241,5
"1255",214,6,50,NA,72,5
"1256",216,6,50,NA,20,5
"1257",217,6,50,NA,57,5
"1258",221,4,51,NA,272,5
"1259",224,4,52,NA,14,5
"1260",225,4,52,NA,186,5
"1261",228,6,53,NA,360,5
"1262",234,5,54,NA,223,5
"1263",240,6,55,NA,175,5
"1264",241,6,55,NA,20,5
"1265",245,4,56,NA,3,5
"1266",246,4,56,NA,127,5
"1267",249,6,57,NA,148,5
"1268",251,6,57,NA,117,5
"1269",255,4,58,NA,76,5
"1270",256,4,58,NA,112,5
"1271",259,3,59,NA,340,5
"1272",261,3,60,NA,261,5
"1273",264,4,61,NA,152,5
"1274",268,5,62,NA,354,5
"1275",270,5,62,NA,69,5
"1276",271,5,62,NA,325,5
"1277",281,4,65,NA,23,5
"1278",282,4,65,NA,314,5
"1279",287,5,66,NA,106,5
"1280",288,5,66,NA,273,5
"1281",289,5,67,NA,69,5
"1282",292,5,67,NA,3,5
"1283",298,5,68,NA,11,5
"1284",300,5,69,NA,285,5
"1285",301,5,69,NA,160,5
"1286",303,5,69,NA,11,5
"1287",305,3,70,NA,111,5
"1288",307,6,71,NA,273,5
"1289",311,6,71,NA,212,5
"1290",321,5,73,NA,252,5
"1291",326,4,74,NA,170,5
"1292",328,3,75,NA,123,5
"1293",330,5,76,NA,76,5
"1294",336,5,77,NA,348,5
"1295",337,5,77,NA,19,5
"1296",339,5,77,NA,212,5
"1297",340,4,78,NA,87,5
"1298",342,4,78,NA,308,5
"1299",345,3,79,NA,57,5
"1300",346,3,79,NA,41,5
"1301",350,5,80,NA,222,5
"1302",351,5,80,NA,264,5
"1303",352,3,81,NA,28,5
"1304",353,3,81,NA,214,5
"1305",357,5,82,NA,78,5
"1306",359,5,82,NA,290,5
"1307",361,4,83,NA,154,5
"1308",369,6,84,NA,291,5
"1309",371,5,85,NA,346,5
"1310",372,5,85,NA,353,5
"1311",377,5,86,NA,37,5
"1312",381,5,87,NA,277,5
"1313",382,5,87,NA,336,5
"1314",383,5,87,NA,155,5
"1315",386,6,88,NA,287,5
"1316",387,6,88,NA,83,5
"1317",394,4,90,NA,245,5
"1318",397,4,90,NA,274,5
"1319",398,3,91,NA,90,5
"1320",403,6,92,NA,64,5
"1321",404,6,92,NA,349,5
"1322",409,3,93,NA,142,5
"1323",411,6,94,NA,9,5
"1324",412,6,94,NA,342,5
"1325",416,6,95,NA,12,5
"1326",428,6,97,NA,171,5
"1327",432,5,98,NA,220,5
"1328",444,4,101,NA,91,5
"1329",449,3,102,NA,119,5
"1330",450,3,102,NA,211,5
"1331",451,5,103,NA,35,5
"1332",453,5,103,NA,246,5
"1333",454,5,103,NA,40,5
"1334",455,5,103,NA,60,5
"1335",457,5,104,NA,266,5
"1336",461,4,105,NA,328,5
"1337",467,5,106,NA,276,5
"1338",470,3,107,NA,289,5
"1339",472,3,107,NA,264,5
"1340",473,6,108,NA,275,5
"1341",476,6,108,NA,223,5
"1342",481,3,109,NA,23,5
"1343",486,5,110,NA,177,5
"1344",489,4,111,NA,242,5
"1345",491,4,112,NA,210,5
"1346",493,4,112,NA,68,5
"1347",497,4,113,NA,27,5
"1348",499,4,114,NA,41,5
"1349",500,4,114,NA,29,5
"1350",521,6,119,NA,364,5
"1351",529,4,121,NA,345,5
"1352",532,4,121,NA,251,5
"1353",535,6,122,NA,111,5
"1354",536,6,122,NA,349,5
"1355",539,4,123,NA,55,5
"1356",552,4,125,NA,158,5
"1357",559,6,127,NA,60,5
"1358",563,6,127,NA,99,5
"1359",564,6,128,NA,86,5
"1360",569,6,128,NA,114,5
"1361",572,3,129,NA,191,5
"1362",573,5,130,NA,28,5
"1363",579,4,131,NA,28,5
"1364",584,3,132,NA,339,5
"1365",586,5,133,NA,168,5
"1366",592,3,134,NA,17,5
"1367",595,5,135,NA,359,5
"1368",599,6,136,NA,270,5
"1369",600,6,136,NA,43,5
"1370",611,6,138,NA,147,5
"1371",613,6,138,NA,65,5
"1372",614,6,138,NA,195,5
"1373",617,3,139,NA,317,5
"1374",619,3,140,NA,48,5
"1375",621,3,140,NA,50,5
"1376",626,5,141,NA,70,5
"1377",627,5,142,NA,300,5
"1378",628,5,142,NA,139,5
"1379",632,6,143,NA,284,5
"1380",635,6,143,NA,19,5
"1381",636,6,143,NA,101,5
"1382",638,4,144,NA,245,5
"1383",644,6,145,NA,294,5
"1384",650,6,146,NA,35,5
"1385",656,5,147,NA,319,5
"1386",665,5,150,NA,38,5
"1387",667,5,150,NA,197,5
"1388",669,5,150,NA,169,5
"1389",671,4,151,NA,9,5
"1390",676,5,152,NA,297,5
"1391",681,5,153,NA,126,5
"1392",692,3,156,NA,94,5
"1393",697,3,158,NA,149,5
"1394",698,3,158,NA,151,5
"1395",700,3,159,NA,286,5
"1396",705,5,160,NA,241,5
"1397",711,6,162,NA,17,5
"1398",712,6,162,NA,363,5
"1399",714,6,162,NA,12,5
"1400",717,5,163,NA,78,5
"1401",721,5,163,NA,245,5
"1402",728,6,165,NA,338,5
"1403",729,6,165,NA,90,5
"1404",730,6,165,NA,347,5
"1405",732,6,166,NA,183,5
"1406",735,6,166,NA,103,5
"1407",737,3,167,NA,269,5
"1408",738,3,167,NA,207,5
"1409",746,4,169,NA,184,5
"1410",748,4,170,NA,177,5
"1411",749,4,170,NA,291,5
"1412",752,4,171,NA,151,5
"1413",753,4,171,NA,91,5
"1414",759,5,173,NA,173,5
"1415",761,5,173,NA,234,5
"1416",766,5,174,NA,249,5
"1417",769,3,175,NA,146,5
"1418",777,4,177,NA,338,5
"1419",779,4,177,NA,87,5
"1420",780,4,177,NA,257,5
"1421",784,6,179,NA,297,5
"1422",801,5,182,NA,130,5
"1423",806,4,184,NA,121,5
"1424",808,4,184,NA,73,5
"1425",813,5,185,NA,71,5
"1426",818,6,186,NA,161,5
"1427",822,4,187,NA,21,5
"1428",839,6,191,NA,257,5
"1429",841,6,191,NA,24,5
"1430",845,3,192,NA,218,5
"1431",846,3,192,NA,14,5
"1432",850,4,193,NA,236,5
"1433",855,6,194,NA,290,5
"1434",861,4,195,NA,76,5
"1435",867,4,197,NA,170,5
"1436",873,6,198,NA,86,5
"1437",875,4,199,NA,339,5
"1438",876,4,199,NA,340,5
"1439",884,6,200,NA,200,5
"1440",900,6,204,NA,198,5
"1441",901,6,204,NA,123,5
"1442",902,6,204,NA,315,5
"1443",905,6,205,NA,8,5
"1444",907,6,205,NA,219,5
"1445",910,6,206,NA,232,5
"1446",916,6,207,NA,121,5
"1447",919,6,207,NA,105,5
"1448",925,4,208,NA,270,5
"1449",929,5,209,NA,220,5
"1450",932,4,210,NA,107,5
"1451",933,4,210,NA,15,5
"1452",940,5,212,NA,52,5
"1453",942,5,212,NA,115,5
"1454",943,5,212,NA,40,5
"1455",944,5,212,NA,71,5
"1456",947,6,213,NA,1,5
"1457",948,6,213,NA,86,5
"1458",950,6,213,NA,362,5
"1459",955,3,215,NA,327,5
"1460",961,3,217,NA,76,5
"1461",962,3,217,NA,280,5
"1462",971,4,219,NA,74,5
"1463",977,3,221,NA,273,5
"1464",981,3,222,NA,97,5
"1465",982,3,222,NA,354,5
"1466",983,3,223,NA,275,5
"1467",990,5,224,NA,11,5
"1468",991,4,225,NA,281,5
"1469",994,4,225,NA,29,5
"1470",995,3,226,NA,50,5
"1471",999,3,227,NA,352,5
