"","No","HHsize","HH","i"
"1",1,4,1,1
"2",2,4,1,1
"3",3,4,1,1
"4",4,4,1,1
"5",5,3,2,1
"6",6,3,2,1
"7",7,3,2,1
"8",8,4,3,1
"9",9,4,3,1
"10",10,4,3,1
"11",11,4,3,1
"12",12,4,4,1
"13",13,4,4,1
"14",14,4,4,1
"15",15,4,4,1
"16",16,3,5,1
"17",17,3,5,1
"18",18,3,5,1
"19",19,3,6,1
"20",20,3,6,1
"21",21,3,6,1
"22",22,3,7,1
"23",23,3,7,1
"24",24,3,7,1
"25",25,5,8,1
"26",26,5,8,1
"27",27,5,8,1
"28",28,5,8,1
"29",29,5,8,1
"30",30,6,9,1
"31",31,6,9,1
"32",32,6,9,1
"33",33,6,9,1
"34",34,6,9,1
"35",35,6,9,1
"36",36,3,10,1
"37",37,3,10,1
"38",38,3,10,1
"39",39,4,11,1
"40",40,4,11,1
"41",41,4,11,1
"42",42,4,11,1
"43",43,6,12,1
"44",44,6,12,1
"45",45,6,12,1
"46",46,6,12,1
"47",47,6,12,1
"48",48,6,12,1
"49",49,3,13,1
"50",50,3,13,1
"51",51,3,13,1
"52",52,6,14,1
"53",53,6,14,1
"54",54,6,14,1
"55",55,6,14,1
"56",56,6,14,1
"57",57,6,14,1
"58",58,6,15,1
"59",59,6,15,1
"60",60,6,15,1
"61",61,6,15,1
"62",62,6,15,1
"63",63,6,15,1
"64",64,4,16,1
"65",65,4,16,1
"66",66,4,16,1
"67",67,4,16,1
"68",68,3,17,1
"69",69,3,17,1
"70",70,3,17,1
"71",71,4,18,1
"72",72,4,18,1
"73",73,4,18,1
"74",74,4,18,1
"75",75,4,19,1
"76",76,4,19,1
"77",77,4,19,1
"78",78,4,19,1
"79",79,3,20,1
"80",80,3,20,1
"81",81,3,20,1
"82",82,6,21,1
"83",83,6,21,1
"84",84,6,21,1
"85",85,6,21,1
"86",86,6,21,1
"87",87,6,21,1
"88",88,4,22,1
"89",89,4,22,1
"90",90,4,22,1
"91",91,4,22,1
"92",92,4,23,1
"93",93,4,23,1
"94",94,4,23,1
"95",95,4,23,1
"96",96,5,24,1
"97",97,5,24,1
"98",98,5,24,1
"99",99,5,24,1
"100",100,5,24,1
"101",101,6,25,1
"102",102,6,25,1
"103",103,6,25,1
"104",104,6,25,1
"105",105,6,25,1
"106",106,6,25,1
"107",107,6,26,1
"108",108,6,26,1
"109",109,6,26,1
"110",110,6,26,1
"111",111,6,26,1
"112",112,6,26,1
"113",113,6,27,1
"114",114,6,27,1
"115",115,6,27,1
"116",116,6,27,1
"117",117,6,27,1
"118",118,6,27,1
"119",119,5,28,1
"120",120,5,28,1
"121",121,5,28,1
"122",122,5,28,1
"123",123,5,28,1
"124",124,4,29,1
"125",125,4,29,1
"126",126,4,29,1
"127",127,4,29,1
"128",128,4,30,1
"129",129,4,30,1
"130",130,4,30,1
"131",131,4,30,1
"132",132,4,31,1
"133",133,4,31,1
"134",134,4,31,1
"135",135,4,31,1
"136",136,3,32,1
"137",137,3,32,1
"138",138,3,32,1
"139",139,6,33,1
"140",140,6,33,1
"141",141,6,33,1
"142",142,6,33,1
"143",143,6,33,1
"144",144,6,33,1
"145",145,6,34,1
"146",146,6,34,1
"147",147,6,34,1
"148",148,6,34,1
"149",149,6,34,1
"150",150,6,34,1
"151",151,6,35,1
"152",152,6,35,1
"153",153,6,35,1
"154",154,6,35,1
"155",155,6,35,1
"156",156,6,35,1
"157",157,6,36,1
"158",158,6,36,1
"159",159,6,36,1
"160",160,6,36,1
"161",161,6,36,1
"162",162,6,36,1
"163",163,5,37,1
"164",164,5,37,1
"165",165,5,37,1
"166",166,5,37,1
"167",167,5,37,1
"168",168,5,38,1
"169",169,5,38,1
"170",170,5,38,1
"171",171,5,38,1
"172",172,5,38,1
"173",173,4,39,1
"174",174,4,39,1
"175",175,4,39,1
"176",176,4,39,1
"177",177,3,40,1
"178",178,3,40,1
"179",179,3,40,1
"180",180,3,41,1
"181",181,3,41,1
"182",182,3,41,1
"183",183,3,42,1
"184",184,3,42,1
"185",185,3,42,1
"186",186,4,43,1
"187",187,4,43,1
"188",188,4,43,1
"189",189,4,43,1
"190",190,4,44,1
"191",191,4,44,1
"192",192,4,44,1
"193",193,4,44,1
"194",194,4,45,1
"195",195,4,45,1
"196",196,4,45,1
"197",197,4,45,1
"198",198,5,46,1
"199",199,5,46,1
"200",200,5,46,1
"201",201,5,46,1
"202",202,5,46,1
"203",203,4,47,1
"204",204,4,47,1
"205",205,4,47,1
"206",206,4,47,1
"207",207,5,48,1
"208",208,5,48,1
"209",209,5,48,1
"210",210,5,48,1
"211",211,5,48,1
"212",212,3,49,1
"213",213,3,49,1
"214",214,3,49,1
"215",215,3,50,1
"216",216,3,50,1
"217",217,3,50,1
"218",218,6,51,1
"219",219,6,51,1
"220",220,6,51,1
"221",221,6,51,1
"222",222,6,51,1
"223",223,6,51,1
"224",224,6,52,1
"225",225,6,52,1
"226",226,6,52,1
"227",227,6,52,1
"228",228,6,52,1
"229",229,6,52,1
"230",230,3,53,1
"231",231,3,53,1
"232",232,3,53,1
"233",233,6,54,1
"234",234,6,54,1
"235",235,6,54,1
"236",236,6,54,1
"237",237,6,54,1
"238",238,6,54,1
"239",239,5,55,1
"240",240,5,55,1
"241",241,5,55,1
"242",242,5,55,1
"243",243,5,55,1
"244",244,4,56,1
"245",245,4,56,1
"246",246,4,56,1
"247",247,4,56,1
"248",248,6,57,1
"249",249,6,57,1
"250",250,6,57,1
"251",251,6,57,1
"252",252,6,57,1
"253",253,6,57,1
"254",254,6,58,1
"255",255,6,58,1
"256",256,6,58,1
"257",257,6,58,1
"258",258,6,58,1
"259",259,6,58,1
"260",260,4,59,1
"261",261,4,59,1
"262",262,4,59,1
"263",263,4,59,1
"264",264,4,60,1
"265",265,4,60,1
"266",266,4,60,1
"267",267,4,60,1
"268",268,3,61,1
"269",269,3,61,1
"270",270,3,61,1
"271",271,3,62,1
"272",272,3,62,1
"273",273,3,62,1
"274",274,6,63,1
"275",275,6,63,1
"276",276,6,63,1
"277",277,6,63,1
"278",278,6,63,1
"279",279,6,63,1
"280",280,6,64,1
"281",281,6,64,1
"282",282,6,64,1
"283",283,6,64,1
"284",284,6,64,1
"285",285,6,64,1
"286",286,3,65,1
"287",287,3,65,1
"288",288,3,65,1
"289",289,5,66,1
"290",290,5,66,1
"291",291,5,66,1
"292",292,5,66,1
"293",293,5,66,1
"294",294,5,67,1
"295",295,5,67,1
"296",296,5,67,1
"297",297,5,67,1
"298",298,5,67,1
"299",299,5,68,1
"300",300,5,68,1
"301",301,5,68,1
"302",302,5,68,1
"303",303,5,68,1
"304",304,3,69,1
"305",305,3,69,1
"306",306,3,69,1
"307",307,3,70,1
"308",308,3,70,1
"309",309,3,70,1
"310",310,6,71,1
"311",311,6,71,1
"312",312,6,71,1
"313",313,6,71,1
"314",314,6,71,1
"315",315,6,71,1
"316",316,6,72,1
"317",317,6,72,1
"318",318,6,72,1
"319",319,6,72,1
"320",320,6,72,1
"321",321,6,72,1
"322",322,6,73,1
"323",323,6,73,1
"324",324,6,73,1
"325",325,6,73,1
"326",326,6,73,1
"327",327,6,73,1
"328",328,5,74,1
"329",329,5,74,1
"330",330,5,74,1
"331",331,5,74,1
"332",332,5,74,1
"333",333,5,75,1
"334",334,5,75,1
"335",335,5,75,1
"336",336,5,75,1
"337",337,5,75,1
"338",338,4,76,1
"339",339,4,76,1
"340",340,4,76,1
"341",341,4,76,1
"342",342,5,77,1
"343",343,5,77,1
"344",344,5,77,1
"345",345,5,77,1
"346",346,5,77,1
"347",347,5,78,1
"348",348,5,78,1
"349",349,5,78,1
"350",350,5,78,1
"351",351,5,78,1
"352",352,6,79,1
"353",353,6,79,1
"354",354,6,79,1
"355",355,6,79,1
"356",356,6,79,1
"357",357,6,79,1
"358",358,5,80,1
"359",359,5,80,1
"360",360,5,80,1
"361",361,5,80,1
"362",362,5,80,1
"363",363,6,81,1
"364",364,6,81,1
"365",365,6,81,1
"366",366,6,81,1
"367",367,6,81,1
"368",368,6,81,1
"369",369,4,82,1
"370",370,4,82,1
"371",371,4,82,1
"372",372,4,82,1
"373",373,6,83,1
"374",374,6,83,1
"375",375,6,83,1
"376",376,6,83,1
"377",377,6,83,1
"378",378,6,83,1
"379",379,4,84,1
"380",380,4,84,1
"381",381,4,84,1
"382",382,4,84,1
"383",383,4,85,1
"384",384,4,85,1
"385",385,4,85,1
"386",386,4,85,1
"387",387,3,86,1
"388",388,3,86,1
"389",389,3,86,1
"390",390,3,87,1
"391",391,3,87,1
"392",392,3,87,1
"393",393,6,88,1
"394",394,6,88,1
"395",395,6,88,1
"396",396,6,88,1
"397",397,6,88,1
"398",398,6,88,1
"399",399,6,89,1
"400",400,6,89,1
"401",401,6,89,1
"402",402,6,89,1
"403",403,6,89,1
"404",404,6,89,1
"405",405,5,90,1
"406",406,5,90,1
"407",407,5,90,1
"408",408,5,90,1
"409",409,5,90,1
"410",410,3,91,1
"411",411,3,91,1
"412",412,3,91,1
"413",413,6,92,1
"414",414,6,92,1
"415",415,6,92,1
"416",416,6,92,1
"417",417,6,92,1
"418",418,6,92,1
"419",419,6,93,1
"420",420,6,93,1
"421",421,6,93,1
"422",422,6,93,1
"423",423,6,93,1
"424",424,6,93,1
"425",425,6,94,1
"426",426,6,94,1
"427",427,6,94,1
"428",428,6,94,1
"429",429,6,94,1
"430",430,6,94,1
"431",431,4,95,1
"432",432,4,95,1
"433",433,4,95,1
"434",434,4,95,1
"435",435,3,96,1
"436",436,3,96,1
"437",437,3,96,1
"438",438,6,97,1
"439",439,6,97,1
"440",440,6,97,1
"441",441,6,97,1
"442",442,6,97,1
"443",443,6,97,1
"444",444,3,98,1
"445",445,3,98,1
"446",446,3,98,1
"447",447,4,99,1
"448",448,4,99,1
"449",449,4,99,1
"450",450,4,99,1
"451",451,6,100,1
"452",452,6,100,1
"453",453,6,100,1
"454",454,6,100,1
"455",455,6,100,1
"456",456,6,100,1
"457",457,4,101,1
"458",458,4,101,1
"459",459,4,101,1
"460",460,4,101,1
"461",461,6,102,1
"462",462,6,102,1
"463",463,6,102,1
"464",464,6,102,1
"465",465,6,102,1
"466",466,6,102,1
"467",467,5,103,1
"468",468,5,103,1
"469",469,5,103,1
"470",470,5,103,1
"471",471,5,103,1
"472",472,5,104,1
"473",473,5,104,1
"474",474,5,104,1
"475",475,5,104,1
"476",476,5,104,1
"477",477,5,105,1
"478",478,5,105,1
"479",479,5,105,1
"480",480,5,105,1
"481",481,5,105,1
"482",482,3,106,1
"483",483,3,106,1
"484",484,3,106,1
"485",485,6,107,1
"486",486,6,107,1
"487",487,6,107,1
"488",488,6,107,1
"489",489,6,107,1
"490",490,6,107,1
"491",491,5,108,1
"492",492,5,108,1
"493",493,5,108,1
"494",494,5,108,1
"495",495,5,108,1
"496",496,5,109,1
"497",497,5,109,1
"498",498,5,109,1
"499",499,5,109,1
"500",500,5,109,1
"501",501,4,110,1
"502",502,4,110,1
"503",503,4,110,1
"504",504,4,110,1
"505",505,5,111,1
"506",506,5,111,1
"507",507,5,111,1
"508",508,5,111,1
"509",509,5,111,1
"510",510,5,112,1
"511",511,5,112,1
"512",512,5,112,1
"513",513,5,112,1
"514",514,5,112,1
"515",515,5,113,1
"516",516,5,113,1
"517",517,5,113,1
"518",518,5,113,1
"519",519,5,113,1
"520",520,5,114,1
"521",521,5,114,1
"522",522,5,114,1
"523",523,5,114,1
"524",524,5,114,1
"525",525,3,115,1
"526",526,3,115,1
"527",527,3,115,1
"528",528,6,116,1
"529",529,6,116,1
"530",530,6,116,1
"531",531,6,116,1
"532",532,6,116,1
"533",533,6,116,1
"534",534,5,117,1
"535",535,5,117,1
"536",536,5,117,1
"537",537,5,117,1
"538",538,5,117,1
"539",539,4,118,1
"540",540,4,118,1
"541",541,4,118,1
"542",542,4,118,1
"543",543,3,119,1
"544",544,3,119,1
"545",545,3,119,1
"546",546,4,120,1
"547",547,4,120,1
"548",548,4,120,1
"549",549,4,120,1
"550",550,6,121,1
"551",551,6,121,1
"552",552,6,121,1
"553",553,6,121,1
"554",554,6,121,1
"555",555,6,121,1
"556",556,5,122,1
"557",557,5,122,1
"558",558,5,122,1
"559",559,5,122,1
"560",560,5,122,1
"561",561,4,123,1
"562",562,4,123,1
"563",563,4,123,1
"564",564,4,123,1
"565",565,5,124,1
"566",566,5,124,1
"567",567,5,124,1
"568",568,5,124,1
"569",569,5,124,1
"570",570,4,125,1
"571",571,4,125,1
"572",572,4,125,1
"573",573,4,125,1
"574",574,3,126,1
"575",575,3,126,1
"576",576,3,126,1
"577",577,6,127,1
"578",578,6,127,1
"579",579,6,127,1
"580",580,6,127,1
"581",581,6,127,1
"582",582,6,127,1
"583",583,5,128,1
"584",584,5,128,1
"585",585,5,128,1
"586",586,5,128,1
"587",587,5,128,1
"588",588,5,129,1
"589",589,5,129,1
"590",590,5,129,1
"591",591,5,129,1
"592",592,5,129,1
"593",593,4,130,1
"594",594,4,130,1
"595",595,4,130,1
"596",596,4,130,1
"597",597,3,131,1
"598",598,3,131,1
"599",599,3,131,1
"600",600,6,132,1
"601",601,6,132,1
"602",602,6,132,1
"603",603,6,132,1
"604",604,6,132,1
"605",605,6,132,1
"606",606,6,133,1
"607",607,6,133,1
"608",608,6,133,1
"609",609,6,133,1
"610",610,6,133,1
"611",611,6,133,1
"612",612,5,134,1
"613",613,5,134,1
"614",614,5,134,1
"615",615,5,134,1
"616",616,5,134,1
"617",617,5,135,1
"618",618,5,135,1
"619",619,5,135,1
"620",620,5,135,1
"621",621,5,135,1
"622",622,6,136,1
"623",623,6,136,1
"624",624,6,136,1
"625",625,6,136,1
"626",626,6,136,1
"627",627,6,136,1
"628",628,5,137,1
"629",629,5,137,1
"630",630,5,137,1
"631",631,5,137,1
"632",632,5,137,1
"633",633,5,138,1
"634",634,5,138,1
"635",635,5,138,1
"636",636,5,138,1
"637",637,5,138,1
"638",638,3,139,1
"639",639,3,139,1
"640",640,3,139,1
"641",641,3,140,1
"642",642,3,140,1
"643",643,3,140,1
"644",644,3,141,1
"645",645,3,141,1
"646",646,3,141,1
"647",647,4,142,1
"648",648,4,142,1
"649",649,4,142,1
"650",650,4,142,1
"651",651,3,143,1
"652",652,3,143,1
"653",653,3,143,1
"654",654,6,144,1
"655",655,6,144,1
"656",656,6,144,1
"657",657,6,144,1
"658",658,6,144,1
"659",659,6,144,1
"660",660,6,145,1
"661",661,6,145,1
"662",662,6,145,1
"663",663,6,145,1
"664",664,6,145,1
"665",665,6,145,1
"666",666,3,146,1
"667",667,3,146,1
"668",668,3,146,1
"669",669,3,147,1
"670",670,3,147,1
"671",671,3,147,1
"672",672,4,148,1
"673",673,4,148,1
"674",674,4,148,1
"675",675,4,148,1
"676",676,4,149,1
"677",677,4,149,1
"678",678,4,149,1
"679",679,4,149,1
"680",680,3,150,1
"681",681,3,150,1
"682",682,3,150,1
"683",683,5,151,1
"684",684,5,151,1
"685",685,5,151,1
"686",686,5,151,1
"687",687,5,151,1
"688",688,3,152,1
"689",689,3,152,1
"690",690,3,152,1
"691",691,6,153,1
"692",692,6,153,1
"693",693,6,153,1
"694",694,6,153,1
"695",695,6,153,1
"696",696,6,153,1
"697",697,4,154,1
"698",698,4,154,1
"699",699,4,154,1
"700",700,4,154,1
"701",701,6,155,1
"702",702,6,155,1
"703",703,6,155,1
"704",704,6,155,1
"705",705,6,155,1
"706",706,6,155,1
"707",707,5,156,1
"708",708,5,156,1
"709",709,5,156,1
"710",710,5,156,1
"711",711,5,156,1
"712",712,4,157,1
"713",713,4,157,1
"714",714,4,157,1
"715",715,4,157,1
"716",716,5,158,1
"717",717,5,158,1
"718",718,5,158,1
"719",719,5,158,1
"720",720,5,158,1
"721",721,3,159,1
"722",722,3,159,1
"723",723,3,159,1
"724",724,3,160,1
"725",725,3,160,1
"726",726,3,160,1
"727",727,3,161,1
"728",728,3,161,1
"729",729,3,161,1
"730",730,6,162,1
"731",731,6,162,1
"732",732,6,162,1
"733",733,6,162,1
"734",734,6,162,1
"735",735,6,162,1
"736",736,4,163,1
"737",737,4,163,1
"738",738,4,163,1
"739",739,4,163,1
"740",740,4,164,1
"741",741,4,164,1
"742",742,4,164,1
"743",743,4,164,1
"744",744,3,165,1
"745",745,3,165,1
"746",746,3,165,1
"747",747,4,166,1
"748",748,4,166,1
"749",749,4,166,1
"750",750,4,166,1
"751",751,6,167,1
"752",752,6,167,1
"753",753,6,167,1
"754",754,6,167,1
"755",755,6,167,1
"756",756,6,167,1
"757",757,3,168,1
"758",758,3,168,1
"759",759,3,168,1
"760",760,4,169,1
"761",761,4,169,1
"762",762,4,169,1
"763",763,4,169,1
"764",764,6,170,1
"765",765,6,170,1
"766",766,6,170,1
"767",767,6,170,1
"768",768,6,170,1
"769",769,6,170,1
"770",770,3,171,1
"771",771,3,171,1
"772",772,3,171,1
"773",773,6,172,1
"774",774,6,172,1
"775",775,6,172,1
"776",776,6,172,1
"777",777,6,172,1
"778",778,6,172,1
"779",779,6,173,1
"780",780,6,173,1
"781",781,6,173,1
"782",782,6,173,1
"783",783,6,173,1
"784",784,6,173,1
"785",785,4,174,1
"786",786,4,174,1
"787",787,4,174,1
"788",788,4,174,1
"789",789,6,175,1
"790",790,6,175,1
"791",791,6,175,1
"792",792,6,175,1
"793",793,6,175,1
"794",794,6,175,1
"795",795,6,176,1
"796",796,6,176,1
"797",797,6,176,1
"798",798,6,176,1
"799",799,6,176,1
"800",800,6,176,1
"801",801,3,177,1
"802",802,3,177,1
"803",803,3,177,1
"804",804,6,178,1
"805",805,6,178,1
"806",806,6,178,1
"807",807,6,178,1
"808",808,6,178,1
"809",809,6,178,1
"810",810,6,179,1
"811",811,6,179,1
"812",812,6,179,1
"813",813,6,179,1
"814",814,6,179,1
"815",815,6,179,1
"816",816,6,180,1
"817",817,6,180,1
"818",818,6,180,1
"819",819,6,180,1
"820",820,6,180,1
"821",821,6,180,1
"822",822,3,181,1
"823",823,3,181,1
"824",824,3,181,1
"825",825,6,182,1
"826",826,6,182,1
"827",827,6,182,1
"828",828,6,182,1
"829",829,6,182,1
"830",830,6,182,1
"831",831,6,183,1
"832",832,6,183,1
"833",833,6,183,1
"834",834,6,183,1
"835",835,6,183,1
"836",836,6,183,1
"837",837,4,184,1
"838",838,4,184,1
"839",839,4,184,1
"840",840,4,184,1
"841",841,5,185,1
"842",842,5,185,1
"843",843,5,185,1
"844",844,5,185,1
"845",845,5,185,1
"846",846,6,186,1
"847",847,6,186,1
"848",848,6,186,1
"849",849,6,186,1
"850",850,6,186,1
"851",851,6,186,1
"852",852,3,187,1
"853",853,3,187,1
"854",854,3,187,1
"855",855,4,188,1
"856",856,4,188,1
"857",857,4,188,1
"858",858,4,188,1
"859",859,4,189,1
"860",860,4,189,1
"861",861,4,189,1
"862",862,4,189,1
"863",863,4,190,1
"864",864,4,190,1
"865",865,4,190,1
"866",866,4,190,1
"867",867,3,191,1
"868",868,3,191,1
"869",869,3,191,1
"870",870,4,192,1
"871",871,4,192,1
"872",872,4,192,1
"873",873,4,192,1
"874",874,4,193,1
"875",875,4,193,1
"876",876,4,193,1
"877",877,4,193,1
"878",878,4,194,1
"879",879,4,194,1
"880",880,4,194,1
"881",881,4,194,1
"882",882,5,195,1
"883",883,5,195,1
"884",884,5,195,1
"885",885,5,195,1
"886",886,5,195,1
"887",887,5,196,1
"888",888,5,196,1
"889",889,5,196,1
"890",890,5,196,1
"891",891,5,196,1
"892",892,6,197,1
"893",893,6,197,1
"894",894,6,197,1
"895",895,6,197,1
"896",896,6,197,1
"897",897,6,197,1
"898",898,5,198,1
"899",899,5,198,1
"900",900,5,198,1
"901",901,5,198,1
"902",902,5,198,1
"903",903,5,199,1
"904",904,5,199,1
"905",905,5,199,1
"906",906,5,199,1
"907",907,5,199,1
"908",908,6,200,1
"909",909,6,200,1
"910",910,6,200,1
"911",911,6,200,1
"912",912,6,200,1
"913",913,6,200,1
"914",914,3,201,1
"915",915,3,201,1
"916",916,3,201,1
"917",917,6,202,1
"918",918,6,202,1
"919",919,6,202,1
"920",920,6,202,1
"921",921,6,202,1
"922",922,6,202,1
"923",923,5,203,1
"924",924,5,203,1
"925",925,5,203,1
"926",926,5,203,1
"927",927,5,203,1
"928",928,6,204,1
"929",929,6,204,1
"930",930,6,204,1
"931",931,6,204,1
"932",932,6,204,1
"933",933,6,204,1
"934",934,5,205,1
"935",935,5,205,1
"936",936,5,205,1
"937",937,5,205,1
"938",938,5,205,1
"939",939,5,206,1
"940",940,5,206,1
"941",941,5,206,1
"942",942,5,206,1
"943",943,5,206,1
"944",944,6,207,1
"945",945,6,207,1
"946",946,6,207,1
"947",947,6,207,1
"948",948,6,207,1
"949",949,6,207,1
"950",950,3,208,1
"951",951,3,208,1
"952",952,3,208,1
"953",953,4,209,1
"954",954,4,209,1
"955",955,4,209,1
"956",956,4,209,1
"957",957,6,210,1
"958",958,6,210,1
"959",959,6,210,1
"960",960,6,210,1
"961",961,6,210,1
"962",962,6,210,1
"963",963,3,211,1
"964",964,3,211,1
"965",965,3,211,1
"966",966,6,212,1
"967",967,6,212,1
"968",968,6,212,1
"969",969,6,212,1
"970",970,6,212,1
"971",971,6,212,1
"972",972,4,213,1
"973",973,4,213,1
"974",974,4,213,1
"975",975,4,213,1
"976",976,5,214,1
"977",977,5,214,1
"978",978,5,214,1
"979",979,5,214,1
"980",980,5,214,1
"981",981,3,215,1
"982",982,3,215,1
"983",983,3,215,1
"984",984,6,216,1
"985",985,6,216,1
"986",986,6,216,1
"987",987,6,216,1
"988",988,6,216,1
"989",989,6,216,1
"990",990,6,217,1
"991",991,6,217,1
"992",992,6,217,1
"993",993,6,217,1
"994",994,6,217,1
"995",995,6,217,1
"996",996,5,218,1
"997",997,5,218,1
"998",998,5,218,1
"999",999,5,218,1
"1000",1000,5,218,1
"1001",1,3,1,2
"1002",2,3,1,2
"1003",3,3,1,2
"1004",4,3,2,2
"1005",5,3,2,2
"1006",6,3,2,2
"1007",7,5,3,2
"1008",8,5,3,2
"1009",9,5,3,2
"1010",10,5,3,2
"1011",11,5,3,2
"1012",12,4,4,2
"1013",13,4,4,2
"1014",14,4,4,2
"1015",15,4,4,2
"1016",16,4,5,2
"1017",17,4,5,2
"1018",18,4,5,2
"1019",19,4,5,2
"1020",20,4,6,2
"1021",21,4,6,2
"1022",22,4,6,2
"1023",23,4,6,2
"1024",24,3,7,2
"1025",25,3,7,2
"1026",26,3,7,2
"1027",27,6,8,2
"1028",28,6,8,2
"1029",29,6,8,2
"1030",30,6,8,2
"1031",31,6,8,2
"1032",32,6,8,2
"1033",33,5,9,2
"1034",34,5,9,2
"1035",35,5,9,2
"1036",36,5,9,2
"1037",37,5,9,2
"1038",38,4,10,2
"1039",39,4,10,2
"1040",40,4,10,2
"1041",41,4,10,2
"1042",42,5,11,2
"1043",43,5,11,2
"1044",44,5,11,2
"1045",45,5,11,2
"1046",46,5,11,2
"1047",47,3,12,2
"1048",48,3,12,2
"1049",49,3,12,2
"1050",50,3,13,2
"1051",51,3,13,2
"1052",52,3,13,2
"1053",53,3,14,2
"1054",54,3,14,2
"1055",55,3,14,2
"1056",56,5,15,2
"1057",57,5,15,2
"1058",58,5,15,2
"1059",59,5,15,2
"1060",60,5,15,2
"1061",61,4,16,2
"1062",62,4,16,2
"1063",63,4,16,2
"1064",64,4,16,2
"1065",65,4,17,2
"1066",66,4,17,2
"1067",67,4,17,2
"1068",68,4,17,2
"1069",69,6,18,2
"1070",70,6,18,2
"1071",71,6,18,2
"1072",72,6,18,2
"1073",73,6,18,2
"1074",74,6,18,2
"1075",75,4,19,2
"1076",76,4,19,2
"1077",77,4,19,2
"1078",78,4,19,2
"1079",79,4,20,2
"1080",80,4,20,2
"1081",81,4,20,2
"1082",82,4,20,2
"1083",83,4,21,2
"1084",84,4,21,2
"1085",85,4,21,2
"1086",86,4,21,2
"1087",87,6,22,2
"1088",88,6,22,2
"1089",89,6,22,2
"1090",90,6,22,2
"1091",91,6,22,2
"1092",92,6,22,2
"1093",93,5,23,2
"1094",94,5,23,2
"1095",95,5,23,2
"1096",96,5,23,2
"1097",97,5,23,2
"1098",98,3,24,2
"1099",99,3,24,2
"1100",100,3,24,2
"1101",101,6,25,2
"1102",102,6,25,2
"1103",103,6,25,2
"1104",104,6,25,2
"1105",105,6,25,2
"1106",106,6,25,2
"1107",107,4,26,2
"1108",108,4,26,2
"1109",109,4,26,2
"1110",110,4,26,2
"1111",111,3,27,2
"1112",112,3,27,2
"1113",113,3,27,2
"1114",114,5,28,2
"1115",115,5,28,2
"1116",116,5,28,2
"1117",117,5,28,2
"1118",118,5,28,2
"1119",119,3,29,2
"1120",120,3,29,2
"1121",121,3,29,2
"1122",122,5,30,2
"1123",123,5,30,2
"1124",124,5,30,2
"1125",125,5,30,2
"1126",126,5,30,2
"1127",127,6,31,2
"1128",128,6,31,2
"1129",129,6,31,2
"1130",130,6,31,2
"1131",131,6,31,2
"1132",132,6,31,2
"1133",133,4,32,2
"1134",134,4,32,2
"1135",135,4,32,2
"1136",136,4,32,2
"1137",137,3,33,2
"1138",138,3,33,2
"1139",139,3,33,2
"1140",140,4,34,2
"1141",141,4,34,2
"1142",142,4,34,2
"1143",143,4,34,2
"1144",144,4,35,2
"1145",145,4,35,2
"1146",146,4,35,2
"1147",147,4,35,2
"1148",148,6,36,2
"1149",149,6,36,2
"1150",150,6,36,2
"1151",151,6,36,2
"1152",152,6,36,2
"1153",153,6,36,2
"1154",154,4,37,2
"1155",155,4,37,2
"1156",156,4,37,2
"1157",157,4,37,2
"1158",158,5,38,2
"1159",159,5,38,2
"1160",160,5,38,2
"1161",161,5,38,2
"1162",162,5,38,2
"1163",163,3,39,2
"1164",164,3,39,2
"1165",165,3,39,2
"1166",166,5,40,2
"1167",167,5,40,2
"1168",168,5,40,2
"1169",169,5,40,2
"1170",170,5,40,2
"1171",171,4,41,2
"1172",172,4,41,2
"1173",173,4,41,2
"1174",174,4,41,2
"1175",175,3,42,2
"1176",176,3,42,2
"1177",177,3,42,2
"1178",178,6,43,2
"1179",179,6,43,2
"1180",180,6,43,2
"1181",181,6,43,2
"1182",182,6,43,2
"1183",183,6,43,2
"1184",184,6,44,2
"1185",185,6,44,2
"1186",186,6,44,2
"1187",187,6,44,2
"1188",188,6,44,2
"1189",189,6,44,2
"1190",190,4,45,2
"1191",191,4,45,2
"1192",192,4,45,2
"1193",193,4,45,2
"1194",194,3,46,2
"1195",195,3,46,2
"1196",196,3,46,2
"1197",197,5,47,2
"1198",198,5,47,2
"1199",199,5,47,2
"1200",200,5,47,2
"1201",201,5,47,2
"1202",202,5,48,2
"1203",203,5,48,2
"1204",204,5,48,2
"1205",205,5,48,2
"1206",206,5,48,2
"1207",207,3,49,2
"1208",208,3,49,2
"1209",209,3,49,2
"1210",210,3,50,2
"1211",211,3,50,2
"1212",212,3,50,2
"1213",213,4,51,2
"1214",214,4,51,2
"1215",215,4,51,2
"1216",216,4,51,2
"1217",217,4,52,2
"1218",218,4,52,2
"1219",219,4,52,2
"1220",220,4,52,2
"1221",221,6,53,2
"1222",222,6,53,2
"1223",223,6,53,2
"1224",224,6,53,2
"1225",225,6,53,2
"1226",226,6,53,2
"1227",227,4,54,2
"1228",228,4,54,2
"1229",229,4,54,2
"1230",230,4,54,2
"1231",231,3,55,2
"1232",232,3,55,2
"1233",233,3,55,2
"1234",234,5,56,2
"1235",235,5,56,2
"1236",236,5,56,2
"1237",237,5,56,2
"1238",238,5,56,2
"1239",239,4,57,2
"1240",240,4,57,2
"1241",241,4,57,2
"1242",242,4,57,2
"1243",243,5,58,2
"1244",244,5,58,2
"1245",245,5,58,2
"1246",246,5,58,2
"1247",247,5,58,2
"1248",248,3,59,2
"1249",249,3,59,2
"1250",250,3,59,2
"1251",251,6,60,2
"1252",252,6,60,2
"1253",253,6,60,2
"1254",254,6,60,2
"1255",255,6,60,2
"1256",256,6,60,2
"1257",257,6,61,2
"1258",258,6,61,2
"1259",259,6,61,2
"1260",260,6,61,2
"1261",261,6,61,2
"1262",262,6,61,2
"1263",263,4,62,2
"1264",264,4,62,2
"1265",265,4,62,2
"1266",266,4,62,2
"1267",267,6,63,2
"1268",268,6,63,2
"1269",269,6,63,2
"1270",270,6,63,2
"1271",271,6,63,2
"1272",272,6,63,2
"1273",273,3,64,2
"1274",274,3,64,2
"1275",275,3,64,2
"1276",276,6,65,2
"1277",277,6,65,2
"1278",278,6,65,2
"1279",279,6,65,2
"1280",280,6,65,2
"1281",281,6,65,2
"1282",282,3,66,2
"1283",283,3,66,2
"1284",284,3,66,2
"1285",285,3,67,2
"1286",286,3,67,2
"1287",287,3,67,2
"1288",288,6,68,2
"1289",289,6,68,2
"1290",290,6,68,2
"1291",291,6,68,2
"1292",292,6,68,2
"1293",293,6,68,2
"1294",294,3,69,2
"1295",295,3,69,2
"1296",296,3,69,2
"1297",297,3,70,2
"1298",298,3,70,2
"1299",299,3,70,2
"1300",300,5,71,2
"1301",301,5,71,2
"1302",302,5,71,2
"1303",303,5,71,2
"1304",304,5,71,2
"1305",305,4,72,2
"1306",306,4,72,2
"1307",307,4,72,2
"1308",308,4,72,2
"1309",309,5,73,2
"1310",310,5,73,2
"1311",311,5,73,2
"1312",312,5,73,2
"1313",313,5,73,2
"1314",314,5,74,2
"1315",315,5,74,2
"1316",316,5,74,2
"1317",317,5,74,2
"1318",318,5,74,2
"1319",319,4,75,2
"1320",320,4,75,2
"1321",321,4,75,2
"1322",322,4,75,2
"1323",323,6,76,2
"1324",324,6,76,2
"1325",325,6,76,2
"1326",326,6,76,2
"1327",327,6,76,2
"1328",328,6,76,2
"1329",329,5,77,2
"1330",330,5,77,2
"1331",331,5,77,2
"1332",332,5,77,2
"1333",333,5,77,2
"1334",334,3,78,2
"1335",335,3,78,2
"1336",336,3,78,2
"1337",337,4,79,2
"1338",338,4,79,2
"1339",339,4,79,2
"1340",340,4,79,2
"1341",341,5,80,2
"1342",342,5,80,2
"1343",343,5,80,2
"1344",344,5,80,2
"1345",345,5,80,2
"1346",346,6,81,2
"1347",347,6,81,2
"1348",348,6,81,2
"1349",349,6,81,2
"1350",350,6,81,2
"1351",351,6,81,2
"1352",352,3,82,2
"1353",353,3,82,2
"1354",354,3,82,2
"1355",355,5,83,2
"1356",356,5,83,2
"1357",357,5,83,2
"1358",358,5,83,2
"1359",359,5,83,2
"1360",360,4,84,2
"1361",361,4,84,2
"1362",362,4,84,2
"1363",363,4,84,2
"1364",364,6,85,2
"1365",365,6,85,2
"1366",366,6,85,2
"1367",367,6,85,2
"1368",368,6,85,2
"1369",369,6,85,2
"1370",370,4,86,2
"1371",371,4,86,2
"1372",372,4,86,2
"1373",373,4,86,2
"1374",374,3,87,2
"1375",375,3,87,2
"1376",376,3,87,2
"1377",377,6,88,2
"1378",378,6,88,2
"1379",379,6,88,2
"1380",380,6,88,2
"1381",381,6,88,2
"1382",382,6,88,2
"1383",383,3,89,2
"1384",384,3,89,2
"1385",385,3,89,2
"1386",386,5,90,2
"1387",387,5,90,2
"1388",388,5,90,2
"1389",389,5,90,2
"1390",390,5,90,2
"1391",391,5,91,2
"1392",392,5,91,2
"1393",393,5,91,2
"1394",394,5,91,2
"1395",395,5,91,2
"1396",396,3,92,2
"1397",397,3,92,2
"1398",398,3,92,2
"1399",399,3,93,2
"1400",400,3,93,2
"1401",401,3,93,2
"1402",402,5,94,2
"1403",403,5,94,2
"1404",404,5,94,2
"1405",405,5,94,2
"1406",406,5,94,2
"1407",407,4,95,2
"1408",408,4,95,2
"1409",409,4,95,2
"1410",410,4,95,2
"1411",411,6,96,2
"1412",412,6,96,2
"1413",413,6,96,2
"1414",414,6,96,2
"1415",415,6,96,2
"1416",416,6,96,2
"1417",417,4,97,2
"1418",418,4,97,2
"1419",419,4,97,2
"1420",420,4,97,2
"1421",421,4,98,2
"1422",422,4,98,2
"1423",423,4,98,2
"1424",424,4,98,2
"1425",425,4,99,2
"1426",426,4,99,2
"1427",427,4,99,2
"1428",428,4,99,2
"1429",429,3,100,2
"1430",430,3,100,2
"1431",431,3,100,2
"1432",432,6,101,2
"1433",433,6,101,2
"1434",434,6,101,2
"1435",435,6,101,2
"1436",436,6,101,2
"1437",437,6,101,2
"1438",438,5,102,2
"1439",439,5,102,2
"1440",440,5,102,2
"1441",441,5,102,2
"1442",442,5,102,2
"1443",443,4,103,2
"1444",444,4,103,2
"1445",445,4,103,2
"1446",446,4,103,2
"1447",447,3,104,2
"1448",448,3,104,2
"1449",449,3,104,2
"1450",450,4,105,2
"1451",451,4,105,2
"1452",452,4,105,2
"1453",453,4,105,2
"1454",454,5,106,2
"1455",455,5,106,2
"1456",456,5,106,2
"1457",457,5,106,2
"1458",458,5,106,2
"1459",459,5,107,2
"1460",460,5,107,2
"1461",461,5,107,2
"1462",462,5,107,2
"1463",463,5,107,2
"1464",464,4,108,2
"1465",465,4,108,2
"1466",466,4,108,2
"1467",467,4,108,2
"1468",468,6,109,2
"1469",469,6,109,2
"1470",470,6,109,2
"1471",471,6,109,2
"1472",472,6,109,2
"1473",473,6,109,2
"1474",474,6,110,2
"1475",475,6,110,2
"1476",476,6,110,2
"1477",477,6,110,2
"1478",478,6,110,2
"1479",479,6,110,2
"1480",480,3,111,2
"1481",481,3,111,2
"1482",482,3,111,2
"1483",483,5,112,2
"1484",484,5,112,2
"1485",485,5,112,2
"1486",486,5,112,2
"1487",487,5,112,2
"1488",488,4,113,2
"1489",489,4,113,2
"1490",490,4,113,2
"1491",491,4,113,2
"1492",492,6,114,2
"1493",493,6,114,2
"1494",494,6,114,2
"1495",495,6,114,2
"1496",496,6,114,2
"1497",497,6,114,2
"1498",498,5,115,2
"1499",499,5,115,2
"1500",500,5,115,2
"1501",501,5,115,2
"1502",502,5,115,2
"1503",503,5,116,2
"1504",504,5,116,2
"1505",505,5,116,2
"1506",506,5,116,2
"1507",507,5,116,2
"1508",508,5,117,2
"1509",509,5,117,2
"1510",510,5,117,2
"1511",511,5,117,2
"1512",512,5,117,2
"1513",513,5,118,2
"1514",514,5,118,2
"1515",515,5,118,2
"1516",516,5,118,2
"1517",517,5,118,2
"1518",518,5,119,2
"1519",519,5,119,2
"1520",520,5,119,2
"1521",521,5,119,2
"1522",522,5,119,2
"1523",523,5,120,2
"1524",524,5,120,2
"1525",525,5,120,2
"1526",526,5,120,2
"1527",527,5,120,2
"1528",528,6,121,2
"1529",529,6,121,2
"1530",530,6,121,2
"1531",531,6,121,2
"1532",532,6,121,2
"1533",533,6,121,2
"1534",534,5,122,2
"1535",535,5,122,2
"1536",536,5,122,2
"1537",537,5,122,2
"1538",538,5,122,2
"1539",539,3,123,2
"1540",540,3,123,2
"1541",541,3,123,2
"1542",542,5,124,2
"1543",543,5,124,2
"1544",544,5,124,2
"1545",545,5,124,2
"1546",546,5,124,2
"1547",547,4,125,2
"1548",548,4,125,2
"1549",549,4,125,2
"1550",550,4,125,2
"1551",551,3,126,2
"1552",552,3,126,2
"1553",553,3,126,2
"1554",554,5,127,2
"1555",555,5,127,2
"1556",556,5,127,2
"1557",557,5,127,2
"1558",558,5,127,2
"1559",559,5,128,2
"1560",560,5,128,2
"1561",561,5,128,2
"1562",562,5,128,2
"1563",563,5,128,2
"1564",564,3,129,2
"1565",565,3,129,2
"1566",566,3,129,2
"1567",567,3,130,2
"1568",568,3,130,2
"1569",569,3,130,2
"1570",570,4,131,2
"1571",571,4,131,2
"1572",572,4,131,2
"1573",573,4,131,2
"1574",574,6,132,2
"1575",575,6,132,2
"1576",576,6,132,2
"1577",577,6,132,2
"1578",578,6,132,2
"1579",579,6,132,2
"1580",580,6,133,2
"1581",581,6,133,2
"1582",582,6,133,2
"1583",583,6,133,2
"1584",584,6,133,2
"1585",585,6,133,2
"1586",586,4,134,2
"1587",587,4,134,2
"1588",588,4,134,2
"1589",589,4,134,2
"1590",590,3,135,2
"1591",591,3,135,2
"1592",592,3,135,2
"1593",593,5,136,2
"1594",594,5,136,2
"1595",595,5,136,2
"1596",596,5,136,2
"1597",597,5,136,2
"1598",598,6,137,2
"1599",599,6,137,2
"1600",600,6,137,2
"1601",601,6,137,2
"1602",602,6,137,2
"1603",603,6,137,2
"1604",604,5,138,2
"1605",605,5,138,2
"1606",606,5,138,2
"1607",607,5,138,2
"1608",608,5,138,2
"1609",609,3,139,2
"1610",610,3,139,2
"1611",611,3,139,2
"1612",612,5,140,2
"1613",613,5,140,2
"1614",614,5,140,2
"1615",615,5,140,2
"1616",616,5,140,2
"1617",617,4,141,2
"1618",618,4,141,2
"1619",619,4,141,2
"1620",620,4,141,2
"1621",621,5,142,2
"1622",622,5,142,2
"1623",623,5,142,2
"1624",624,5,142,2
"1625",625,5,142,2
"1626",626,3,143,2
"1627",627,3,143,2
"1628",628,3,143,2
"1629",629,6,144,2
"1630",630,6,144,2
"1631",631,6,144,2
"1632",632,6,144,2
"1633",633,6,144,2
"1634",634,6,144,2
"1635",635,6,145,2
"1636",636,6,145,2
"1637",637,6,145,2
"1638",638,6,145,2
"1639",639,6,145,2
"1640",640,6,145,2
"1641",641,3,146,2
"1642",642,3,146,2
"1643",643,3,146,2
"1644",644,4,147,2
"1645",645,4,147,2
"1646",646,4,147,2
"1647",647,4,147,2
"1648",648,4,148,2
"1649",649,4,148,2
"1650",650,4,148,2
"1651",651,4,148,2
"1652",652,3,149,2
"1653",653,3,149,2
"1654",654,3,149,2
"1655",655,3,150,2
"1656",656,3,150,2
"1657",657,3,150,2
"1658",658,3,151,2
"1659",659,3,151,2
"1660",660,3,151,2
"1661",661,3,152,2
"1662",662,3,152,2
"1663",663,3,152,2
"1664",664,4,153,2
"1665",665,4,153,2
"1666",666,4,153,2
"1667",667,4,153,2
"1668",668,4,154,2
"1669",669,4,154,2
"1670",670,4,154,2
"1671",671,4,154,2
"1672",672,4,155,2
"1673",673,4,155,2
"1674",674,4,155,2
"1675",675,4,155,2
"1676",676,3,156,2
"1677",677,3,156,2
"1678",678,3,156,2
"1679",679,5,157,2
"1680",680,5,157,2
"1681",681,5,157,2
"1682",682,5,157,2
"1683",683,5,157,2
"1684",684,5,158,2
"1685",685,5,158,2
"1686",686,5,158,2
"1687",687,5,158,2
"1688",688,5,158,2
"1689",689,5,159,2
"1690",690,5,159,2
"1691",691,5,159,2
"1692",692,5,159,2
"1693",693,5,159,2
"1694",694,5,160,2
"1695",695,5,160,2
"1696",696,5,160,2
"1697",697,5,160,2
"1698",698,5,160,2
"1699",699,4,161,2
"1700",700,4,161,2
"1701",701,4,161,2
"1702",702,4,161,2
"1703",703,3,162,2
"1704",704,3,162,2
"1705",705,3,162,2
"1706",706,6,163,2
"1707",707,6,163,2
"1708",708,6,163,2
"1709",709,6,163,2
"1710",710,6,163,2
"1711",711,6,163,2
"1712",712,4,164,2
"1713",713,4,164,2
"1714",714,4,164,2
"1715",715,4,164,2
"1716",716,5,165,2
"1717",717,5,165,2
"1718",718,5,165,2
"1719",719,5,165,2
"1720",720,5,165,2
"1721",721,5,166,2
"1722",722,5,166,2
"1723",723,5,166,2
"1724",724,5,166,2
"1725",725,5,166,2
"1726",726,4,167,2
"1727",727,4,167,2
"1728",728,4,167,2
"1729",729,4,167,2
"1730",730,4,168,2
"1731",731,4,168,2
"1732",732,4,168,2
"1733",733,4,168,2
"1734",734,3,169,2
"1735",735,3,169,2
"1736",736,3,169,2
"1737",737,4,170,2
"1738",738,4,170,2
"1739",739,4,170,2
"1740",740,4,170,2
"1741",741,4,171,2
"1742",742,4,171,2
"1743",743,4,171,2
"1744",744,4,171,2
"1745",745,3,172,2
"1746",746,3,172,2
"1747",747,3,172,2
"1748",748,5,173,2
"1749",749,5,173,2
"1750",750,5,173,2
"1751",751,5,173,2
"1752",752,5,173,2
"1753",753,5,174,2
"1754",754,5,174,2
"1755",755,5,174,2
"1756",756,5,174,2
"1757",757,5,174,2
"1758",758,4,175,2
"1759",759,4,175,2
"1760",760,4,175,2
"1761",761,4,175,2
"1762",762,4,176,2
"1763",763,4,176,2
"1764",764,4,176,2
"1765",765,4,176,2
"1766",766,5,177,2
"1767",767,5,177,2
"1768",768,5,177,2
"1769",769,5,177,2
"1770",770,5,177,2
"1771",771,3,178,2
"1772",772,3,178,2
"1773",773,3,178,2
"1774",774,5,179,2
"1775",775,5,179,2
"1776",776,5,179,2
"1777",777,5,179,2
"1778",778,5,179,2
"1779",779,6,180,2
"1780",780,6,180,2
"1781",781,6,180,2
"1782",782,6,180,2
"1783",783,6,180,2
"1784",784,6,180,2
"1785",785,5,181,2
"1786",786,5,181,2
"1787",787,5,181,2
"1788",788,5,181,2
"1789",789,5,181,2
"1790",790,5,182,2
"1791",791,5,182,2
"1792",792,5,182,2
"1793",793,5,182,2
"1794",794,5,182,2
"1795",795,4,183,2
"1796",796,4,183,2
"1797",797,4,183,2
"1798",798,4,183,2
"1799",799,4,184,2
"1800",800,4,184,2
"1801",801,4,184,2
"1802",802,4,184,2
"1803",803,4,185,2
"1804",804,4,185,2
"1805",805,4,185,2
"1806",806,4,185,2
"1807",807,4,186,2
"1808",808,4,186,2
"1809",809,4,186,2
"1810",810,4,186,2
"1811",811,3,187,2
"1812",812,3,187,2
"1813",813,3,187,2
"1814",814,5,188,2
"1815",815,5,188,2
"1816",816,5,188,2
"1817",817,5,188,2
"1818",818,5,188,2
"1819",819,5,189,2
"1820",820,5,189,2
"1821",821,5,189,2
"1822",822,5,189,2
"1823",823,5,189,2
"1824",824,3,190,2
"1825",825,3,190,2
"1826",826,3,190,2
"1827",827,6,191,2
"1828",828,6,191,2
"1829",829,6,191,2
"1830",830,6,191,2
"1831",831,6,191,2
"1832",832,6,191,2
"1833",833,3,192,2
"1834",834,3,192,2
"1835",835,3,192,2
"1836",836,5,193,2
"1837",837,5,193,2
"1838",838,5,193,2
"1839",839,5,193,2
"1840",840,5,193,2
"1841",841,4,194,2
"1842",842,4,194,2
"1843",843,4,194,2
"1844",844,4,194,2
"1845",845,4,195,2
"1846",846,4,195,2
"1847",847,4,195,2
"1848",848,4,195,2
"1849",849,4,196,2
"1850",850,4,196,2
"1851",851,4,196,2
"1852",852,4,196,2
"1853",853,3,197,2
"1854",854,3,197,2
"1855",855,3,197,2
"1856",856,3,198,2
"1857",857,3,198,2
"1858",858,3,198,2
"1859",859,6,199,2
"1860",860,6,199,2
"1861",861,6,199,2
"1862",862,6,199,2
"1863",863,6,199,2
"1864",864,6,199,2
"1865",865,3,200,2
"1866",866,3,200,2
"1867",867,3,200,2
"1868",868,4,201,2
"1869",869,4,201,2
"1870",870,4,201,2
"1871",871,4,201,2
"1872",872,3,202,2
"1873",873,3,202,2
"1874",874,3,202,2
"1875",875,4,203,2
"1876",876,4,203,2
"1877",877,4,203,2
"1878",878,4,203,2
"1879",879,5,204,2
"1880",880,5,204,2
"1881",881,5,204,2
"1882",882,5,204,2
"1883",883,5,204,2
"1884",884,6,205,2
"1885",885,6,205,2
"1886",886,6,205,2
"1887",887,6,205,2
"1888",888,6,205,2
"1889",889,6,205,2
"1890",890,3,206,2
"1891",891,3,206,2
"1892",892,3,206,2
"1893",893,3,207,2
"1894",894,3,207,2
"1895",895,3,207,2
"1896",896,6,208,2
"1897",897,6,208,2
"1898",898,6,208,2
"1899",899,6,208,2
"1900",900,6,208,2
"1901",901,6,208,2
"1902",902,3,209,2
"1903",903,3,209,2
"1904",904,3,209,2
"1905",905,6,210,2
"1906",906,6,210,2
"1907",907,6,210,2
"1908",908,6,210,2
"1909",909,6,210,2
"1910",910,6,210,2
"1911",911,5,211,2
"1912",912,5,211,2
"1913",913,5,211,2
"1914",914,5,211,2
"1915",915,5,211,2
"1916",916,4,212,2
"1917",917,4,212,2
"1918",918,4,212,2
"1919",919,4,212,2
"1920",920,6,213,2
"1921",921,6,213,2
"1922",922,6,213,2
"1923",923,6,213,2
"1924",924,6,213,2
"1925",925,6,213,2
"1926",926,6,214,2
"1927",927,6,214,2
"1928",928,6,214,2
"1929",929,6,214,2
"1930",930,6,214,2
"1931",931,6,214,2
"1932",932,3,215,2
"1933",933,3,215,2
"1934",934,3,215,2
"1935",935,3,216,2
"1936",936,3,216,2
"1937",937,3,216,2
"1938",938,4,217,2
"1939",939,4,217,2
"1940",940,4,217,2
"1941",941,4,217,2
"1942",942,6,218,2
"1943",943,6,218,2
"1944",944,6,218,2
"1945",945,6,218,2
"1946",946,6,218,2
"1947",947,6,218,2
"1948",948,4,219,2
"1949",949,4,219,2
"1950",950,4,219,2
"1951",951,4,219,2
"1952",952,3,220,2
"1953",953,3,220,2
"1954",954,3,220,2
"1955",955,3,221,2
"1956",956,3,221,2
"1957",957,3,221,2
"1958",958,4,222,2
"1959",959,4,222,2
"1960",960,4,222,2
"1961",961,4,222,2
"1962",962,5,223,2
"1963",963,5,223,2
"1964",964,5,223,2
"1965",965,5,223,2
"1966",966,5,223,2
"1967",967,3,224,2
"1968",968,3,224,2
"1969",969,3,224,2
"1970",970,5,225,2
"1971",971,5,225,2
"1972",972,5,225,2
"1973",973,5,225,2
"1974",974,5,225,2
"1975",975,5,226,2
"1976",976,5,226,2
"1977",977,5,226,2
"1978",978,5,226,2
"1979",979,5,226,2
"1980",980,4,227,2
"1981",981,4,227,2
"1982",982,4,227,2
"1983",983,4,227,2
"1984",984,6,228,2
"1985",985,6,228,2
"1986",986,6,228,2
"1987",987,6,228,2
"1988",988,6,228,2
"1989",989,6,228,2
"1990",990,3,229,2
"1991",991,3,229,2
"1992",992,3,229,2
"1993",993,5,230,2
"1994",994,5,230,2
"1995",995,5,230,2
"1996",996,5,230,2
"1997",997,5,230,2
"1998",998,3,231,2
"1999",999,3,231,2
"2000",1000,3,231,2
"2001",1,5,1,3
"2002",2,5,1,3
"2003",3,5,1,3
"2004",4,5,1,3
"2005",5,5,1,3
"2006",6,4,2,3
"2007",7,4,2,3
"2008",8,4,2,3
"2009",9,4,2,3
"2010",10,6,3,3
"2011",11,6,3,3
"2012",12,6,3,3
"2013",13,6,3,3
"2014",14,6,3,3
"2015",15,6,3,3
"2016",16,3,4,3
"2017",17,3,4,3
"2018",18,3,4,3
"2019",19,6,5,3
"2020",20,6,5,3
"2021",21,6,5,3
"2022",22,6,5,3
"2023",23,6,5,3
"2024",24,6,5,3
"2025",25,4,6,3
"2026",26,4,6,3
"2027",27,4,6,3
"2028",28,4,6,3
"2029",29,3,7,3
"2030",30,3,7,3
"2031",31,3,7,3
"2032",32,6,8,3
"2033",33,6,8,3
"2034",34,6,8,3
"2035",35,6,8,3
"2036",36,6,8,3
"2037",37,6,8,3
"2038",38,6,9,3
"2039",39,6,9,3
"2040",40,6,9,3
"2041",41,6,9,3
"2042",42,6,9,3
"2043",43,6,9,3
"2044",44,6,10,3
"2045",45,6,10,3
"2046",46,6,10,3
"2047",47,6,10,3
"2048",48,6,10,3
"2049",49,6,10,3
"2050",50,5,11,3
"2051",51,5,11,3
"2052",52,5,11,3
"2053",53,5,11,3
"2054",54,5,11,3
"2055",55,3,12,3
"2056",56,3,12,3
"2057",57,3,12,3
"2058",58,3,13,3
"2059",59,3,13,3
"2060",60,3,13,3
"2061",61,4,14,3
"2062",62,4,14,3
"2063",63,4,14,3
"2064",64,4,14,3
"2065",65,6,15,3
"2066",66,6,15,3
"2067",67,6,15,3
"2068",68,6,15,3
"2069",69,6,15,3
"2070",70,6,15,3
"2071",71,3,16,3
"2072",72,3,16,3
"2073",73,3,16,3
"2074",74,5,17,3
"2075",75,5,17,3
"2076",76,5,17,3
"2077",77,5,17,3
"2078",78,5,17,3
"2079",79,4,18,3
"2080",80,4,18,3
"2081",81,4,18,3
"2082",82,4,18,3
"2083",83,6,19,3
"2084",84,6,19,3
"2085",85,6,19,3
"2086",86,6,19,3
"2087",87,6,19,3
"2088",88,6,19,3
"2089",89,4,20,3
"2090",90,4,20,3
"2091",91,4,20,3
"2092",92,4,20,3
"2093",93,6,21,3
"2094",94,6,21,3
"2095",95,6,21,3
"2096",96,6,21,3
"2097",97,6,21,3
"2098",98,6,21,3
"2099",99,6,22,3
"2100",100,6,22,3
"2101",101,6,22,3
"2102",102,6,22,3
"2103",103,6,22,3
"2104",104,6,22,3
"2105",105,5,23,3
"2106",106,5,23,3
"2107",107,5,23,3
"2108",108,5,23,3
"2109",109,5,23,3
"2110",110,6,24,3
"2111",111,6,24,3
"2112",112,6,24,3
"2113",113,6,24,3
"2114",114,6,24,3
"2115",115,6,24,3
"2116",116,3,25,3
"2117",117,3,25,3
"2118",118,3,25,3
"2119",119,5,26,3
"2120",120,5,26,3
"2121",121,5,26,3
"2122",122,5,26,3
"2123",123,5,26,3
"2124",124,3,27,3
"2125",125,3,27,3
"2126",126,3,27,3
"2127",127,4,28,3
"2128",128,4,28,3
"2129",129,4,28,3
"2130",130,4,28,3
"2131",131,4,29,3
"2132",132,4,29,3
"2133",133,4,29,3
"2134",134,4,29,3
"2135",135,4,30,3
"2136",136,4,30,3
"2137",137,4,30,3
"2138",138,4,30,3
"2139",139,4,31,3
"2140",140,4,31,3
"2141",141,4,31,3
"2142",142,4,31,3
"2143",143,6,32,3
"2144",144,6,32,3
"2145",145,6,32,3
"2146",146,6,32,3
"2147",147,6,32,3
"2148",148,6,32,3
"2149",149,5,33,3
"2150",150,5,33,3
"2151",151,5,33,3
"2152",152,5,33,3
"2153",153,5,33,3
"2154",154,4,34,3
"2155",155,4,34,3
"2156",156,4,34,3
"2157",157,4,34,3
"2158",158,4,35,3
"2159",159,4,35,3
"2160",160,4,35,3
"2161",161,4,35,3
"2162",162,5,36,3
"2163",163,5,36,3
"2164",164,5,36,3
"2165",165,5,36,3
"2166",166,5,36,3
"2167",167,6,37,3
"2168",168,6,37,3
"2169",169,6,37,3
"2170",170,6,37,3
"2171",171,6,37,3
"2172",172,6,37,3
"2173",173,3,38,3
"2174",174,3,38,3
"2175",175,3,38,3
"2176",176,3,39,3
"2177",177,3,39,3
"2178",178,3,39,3
"2179",179,3,40,3
"2180",180,3,40,3
"2181",181,3,40,3
"2182",182,4,41,3
"2183",183,4,41,3
"2184",184,4,41,3
"2185",185,4,41,3
"2186",186,3,42,3
"2187",187,3,42,3
"2188",188,3,42,3
"2189",189,4,43,3
"2190",190,4,43,3
"2191",191,4,43,3
"2192",192,4,43,3
"2193",193,4,44,3
"2194",194,4,44,3
"2195",195,4,44,3
"2196",196,4,44,3
"2197",197,6,45,3
"2198",198,6,45,3
"2199",199,6,45,3
"2200",200,6,45,3
"2201",201,6,45,3
"2202",202,6,45,3
"2203",203,6,46,3
"2204",204,6,46,3
"2205",205,6,46,3
"2206",206,6,46,3
"2207",207,6,46,3
"2208",208,6,46,3
"2209",209,6,47,3
"2210",210,6,47,3
"2211",211,6,47,3
"2212",212,6,47,3
"2213",213,6,47,3
"2214",214,6,47,3
"2215",215,4,48,3
"2216",216,4,48,3
"2217",217,4,48,3
"2218",218,4,48,3
"2219",219,4,49,3
"2220",220,4,49,3
"2221",221,4,49,3
"2222",222,4,49,3
"2223",223,5,50,3
"2224",224,5,50,3
"2225",225,5,50,3
"2226",226,5,50,3
"2227",227,5,50,3
"2228",228,6,51,3
"2229",229,6,51,3
"2230",230,6,51,3
"2231",231,6,51,3
"2232",232,6,51,3
"2233",233,6,51,3
"2234",234,3,52,3
"2235",235,3,52,3
"2236",236,3,52,3
"2237",237,4,53,3
"2238",238,4,53,3
"2239",239,4,53,3
"2240",240,4,53,3
"2241",241,3,54,3
"2242",242,3,54,3
"2243",243,3,54,3
"2244",244,3,55,3
"2245",245,3,55,3
"2246",246,3,55,3
"2247",247,5,56,3
"2248",248,5,56,3
"2249",249,5,56,3
"2250",250,5,56,3
"2251",251,5,56,3
"2252",252,4,57,3
"2253",253,4,57,3
"2254",254,4,57,3
"2255",255,4,57,3
"2256",256,3,58,3
"2257",257,3,58,3
"2258",258,3,58,3
"2259",259,4,59,3
"2260",260,4,59,3
"2261",261,4,59,3
"2262",262,4,59,3
"2263",263,5,60,3
"2264",264,5,60,3
"2265",265,5,60,3
"2266",266,5,60,3
"2267",267,5,60,3
"2268",268,6,61,3
"2269",269,6,61,3
"2270",270,6,61,3
"2271",271,6,61,3
"2272",272,6,61,3
"2273",273,6,61,3
"2274",274,4,62,3
"2275",275,4,62,3
"2276",276,4,62,3
"2277",277,4,62,3
"2278",278,5,63,3
"2279",279,5,63,3
"2280",280,5,63,3
"2281",281,5,63,3
"2282",282,5,63,3
"2283",283,5,64,3
"2284",284,5,64,3
"2285",285,5,64,3
"2286",286,5,64,3
"2287",287,5,64,3
"2288",288,4,65,3
"2289",289,4,65,3
"2290",290,4,65,3
"2291",291,4,65,3
"2292",292,4,66,3
"2293",293,4,66,3
"2294",294,4,66,3
"2295",295,4,66,3
"2296",296,3,67,3
"2297",297,3,67,3
"2298",298,3,67,3
"2299",299,5,68,3
"2300",300,5,68,3
"2301",301,5,68,3
"2302",302,5,68,3
"2303",303,5,68,3
"2304",304,6,69,3
"2305",305,6,69,3
"2306",306,6,69,3
"2307",307,6,69,3
"2308",308,6,69,3
"2309",309,6,69,3
"2310",310,3,70,3
"2311",311,3,70,3
"2312",312,3,70,3
"2313",313,3,71,3
"2314",314,3,71,3
"2315",315,3,71,3
"2316",316,5,72,3
"2317",317,5,72,3
"2318",318,5,72,3
"2319",319,5,72,3
"2320",320,5,72,3
"2321",321,4,73,3
"2322",322,4,73,3
"2323",323,4,73,3
"2324",324,4,73,3
"2325",325,3,74,3
"2326",326,3,74,3
"2327",327,3,74,3
"2328",328,4,75,3
"2329",329,4,75,3
"2330",330,4,75,3
"2331",331,4,75,3
"2332",332,3,76,3
"2333",333,3,76,3
"2334",334,3,76,3
"2335",335,6,77,3
"2336",336,6,77,3
"2337",337,6,77,3
"2338",338,6,77,3
"2339",339,6,77,3
"2340",340,6,77,3
"2341",341,6,78,3
"2342",342,6,78,3
"2343",343,6,78,3
"2344",344,6,78,3
"2345",345,6,78,3
"2346",346,6,78,3
"2347",347,3,79,3
"2348",348,3,79,3
"2349",349,3,79,3
"2350",350,5,80,3
"2351",351,5,80,3
"2352",352,5,80,3
"2353",353,5,80,3
"2354",354,5,80,3
"2355",355,4,81,3
"2356",356,4,81,3
"2357",357,4,81,3
"2358",358,4,81,3
"2359",359,3,82,3
"2360",360,3,82,3
"2361",361,3,82,3
"2362",362,6,83,3
"2363",363,6,83,3
"2364",364,6,83,3
"2365",365,6,83,3
"2366",366,6,83,3
"2367",367,6,83,3
"2368",368,5,84,3
"2369",369,5,84,3
"2370",370,5,84,3
"2371",371,5,84,3
"2372",372,5,84,3
"2373",373,6,85,3
"2374",374,6,85,3
"2375",375,6,85,3
"2376",376,6,85,3
"2377",377,6,85,3
"2378",378,6,85,3
"2379",379,3,86,3
"2380",380,3,86,3
"2381",381,3,86,3
"2382",382,5,87,3
"2383",383,5,87,3
"2384",384,5,87,3
"2385",385,5,87,3
"2386",386,5,87,3
"2387",387,4,88,3
"2388",388,4,88,3
"2389",389,4,88,3
"2390",390,4,88,3
"2391",391,5,89,3
"2392",392,5,89,3
"2393",393,5,89,3
"2394",394,5,89,3
"2395",395,5,89,3
"2396",396,5,90,3
"2397",397,5,90,3
"2398",398,5,90,3
"2399",399,5,90,3
"2400",400,5,90,3
"2401",401,5,91,3
"2402",402,5,91,3
"2403",403,5,91,3
"2404",404,5,91,3
"2405",405,5,91,3
"2406",406,5,92,3
"2407",407,5,92,3
"2408",408,5,92,3
"2409",409,5,92,3
"2410",410,5,92,3
"2411",411,3,93,3
"2412",412,3,93,3
"2413",413,3,93,3
"2414",414,6,94,3
"2415",415,6,94,3
"2416",416,6,94,3
"2417",417,6,94,3
"2418",418,6,94,3
"2419",419,6,94,3
"2420",420,5,95,3
"2421",421,5,95,3
"2422",422,5,95,3
"2423",423,5,95,3
"2424",424,5,95,3
"2425",425,5,96,3
"2426",426,5,96,3
"2427",427,5,96,3
"2428",428,5,96,3
"2429",429,5,96,3
"2430",430,5,97,3
"2431",431,5,97,3
"2432",432,5,97,3
"2433",433,5,97,3
"2434",434,5,97,3
"2435",435,5,98,3
"2436",436,5,98,3
"2437",437,5,98,3
"2438",438,5,98,3
"2439",439,5,98,3
"2440",440,3,99,3
"2441",441,3,99,3
"2442",442,3,99,3
"2443",443,6,100,3
"2444",444,6,100,3
"2445",445,6,100,3
"2446",446,6,100,3
"2447",447,6,100,3
"2448",448,6,100,3
"2449",449,4,101,3
"2450",450,4,101,3
"2451",451,4,101,3
"2452",452,4,101,3
"2453",453,5,102,3
"2454",454,5,102,3
"2455",455,5,102,3
"2456",456,5,102,3
"2457",457,5,102,3
"2458",458,5,103,3
"2459",459,5,103,3
"2460",460,5,103,3
"2461",461,5,103,3
"2462",462,5,103,3
"2463",463,4,104,3
"2464",464,4,104,3
"2465",465,4,104,3
"2466",466,4,104,3
"2467",467,5,105,3
"2468",468,5,105,3
"2469",469,5,105,3
"2470",470,5,105,3
"2471",471,5,105,3
"2472",472,3,106,3
"2473",473,3,106,3
"2474",474,3,106,3
"2475",475,4,107,3
"2476",476,4,107,3
"2477",477,4,107,3
"2478",478,4,107,3
"2479",479,5,108,3
"2480",480,5,108,3
"2481",481,5,108,3
"2482",482,5,108,3
"2483",483,5,108,3
"2484",484,3,109,3
"2485",485,3,109,3
"2486",486,3,109,3
"2487",487,4,110,3
"2488",488,4,110,3
"2489",489,4,110,3
"2490",490,4,110,3
"2491",491,5,111,3
"2492",492,5,111,3
"2493",493,5,111,3
"2494",494,5,111,3
"2495",495,5,111,3
"2496",496,3,112,3
"2497",497,3,112,3
"2498",498,3,112,3
"2499",499,4,113,3
"2500",500,4,113,3
"2501",501,4,113,3
"2502",502,4,113,3
"2503",503,3,114,3
"2504",504,3,114,3
"2505",505,3,114,3
"2506",506,3,115,3
"2507",507,3,115,3
"2508",508,3,115,3
"2509",509,6,116,3
"2510",510,6,116,3
"2511",511,6,116,3
"2512",512,6,116,3
"2513",513,6,116,3
"2514",514,6,116,3
"2515",515,4,117,3
"2516",516,4,117,3
"2517",517,4,117,3
"2518",518,4,117,3
"2519",519,5,118,3
"2520",520,5,118,3
"2521",521,5,118,3
"2522",522,5,118,3
"2523",523,5,118,3
"2524",524,4,119,3
"2525",525,4,119,3
"2526",526,4,119,3
"2527",527,4,119,3
"2528",528,6,120,3
"2529",529,6,120,3
"2530",530,6,120,3
"2531",531,6,120,3
"2532",532,6,120,3
"2533",533,6,120,3
"2534",534,4,121,3
"2535",535,4,121,3
"2536",536,4,121,3
"2537",537,4,121,3
"2538",538,5,122,3
"2539",539,5,122,3
"2540",540,5,122,3
"2541",541,5,122,3
"2542",542,5,122,3
"2543",543,5,123,3
"2544",544,5,123,3
"2545",545,5,123,3
"2546",546,5,123,3
"2547",547,5,123,3
"2548",548,5,124,3
"2549",549,5,124,3
"2550",550,5,124,3
"2551",551,5,124,3
"2552",552,5,124,3
"2553",553,4,125,3
"2554",554,4,125,3
"2555",555,4,125,3
"2556",556,4,125,3
"2557",557,6,126,3
"2558",558,6,126,3
"2559",559,6,126,3
"2560",560,6,126,3
"2561",561,6,126,3
"2562",562,6,126,3
"2563",563,5,127,3
"2564",564,5,127,3
"2565",565,5,127,3
"2566",566,5,127,3
"2567",567,5,127,3
"2568",568,3,128,3
"2569",569,3,128,3
"2570",570,3,128,3
"2571",571,4,129,3
"2572",572,4,129,3
"2573",573,4,129,3
"2574",574,4,129,3
"2575",575,4,130,3
"2576",576,4,130,3
"2577",577,4,130,3
"2578",578,4,130,3
"2579",579,3,131,3
"2580",580,3,131,3
"2581",581,3,131,3
"2582",582,6,132,3
"2583",583,6,132,3
"2584",584,6,132,3
"2585",585,6,132,3
"2586",586,6,132,3
"2587",587,6,132,3
"2588",588,3,133,3
"2589",589,3,133,3
"2590",590,3,133,3
"2591",591,3,134,3
"2592",592,3,134,3
"2593",593,3,134,3
"2594",594,3,135,3
"2595",595,3,135,3
"2596",596,3,135,3
"2597",597,6,136,3
"2598",598,6,136,3
"2599",599,6,136,3
"2600",600,6,136,3
"2601",601,6,136,3
"2602",602,6,136,3
"2603",603,3,137,3
"2604",604,3,137,3
"2605",605,3,137,3
"2606",606,6,138,3
"2607",607,6,138,3
"2608",608,6,138,3
"2609",609,6,138,3
"2610",610,6,138,3
"2611",611,6,138,3
"2612",612,5,139,3
"2613",613,5,139,3
"2614",614,5,139,3
"2615",615,5,139,3
"2616",616,5,139,3
"2617",617,5,140,3
"2618",618,5,140,3
"2619",619,5,140,3
"2620",620,5,140,3
"2621",621,5,140,3
"2622",622,6,141,3
"2623",623,6,141,3
"2624",624,6,141,3
"2625",625,6,141,3
"2626",626,6,141,3
"2627",627,6,141,3
"2628",628,4,142,3
"2629",629,4,142,3
"2630",630,4,142,3
"2631",631,4,142,3
"2632",632,4,143,3
"2633",633,4,143,3
"2634",634,4,143,3
"2635",635,4,143,3
"2636",636,5,144,3
"2637",637,5,144,3
"2638",638,5,144,3
"2639",639,5,144,3
"2640",640,5,144,3
"2641",641,5,145,3
"2642",642,5,145,3
"2643",643,5,145,3
"2644",644,5,145,3
"2645",645,5,145,3
"2646",646,4,146,3
"2647",647,4,146,3
"2648",648,4,146,3
"2649",649,4,146,3
"2650",650,3,147,3
"2651",651,3,147,3
"2652",652,3,147,3
"2653",653,3,148,3
"2654",654,3,148,3
"2655",655,3,148,3
"2656",656,3,149,3
"2657",657,3,149,3
"2658",658,3,149,3
"2659",659,3,150,3
"2660",660,3,150,3
"2661",661,3,150,3
"2662",662,3,151,3
"2663",663,3,151,3
"2664",664,3,151,3
"2665",665,6,152,3
"2666",666,6,152,3
"2667",667,6,152,3
"2668",668,6,152,3
"2669",669,6,152,3
"2670",670,6,152,3
"2671",671,6,153,3
"2672",672,6,153,3
"2673",673,6,153,3
"2674",674,6,153,3
"2675",675,6,153,3
"2676",676,6,153,3
"2677",677,6,154,3
"2678",678,6,154,3
"2679",679,6,154,3
"2680",680,6,154,3
"2681",681,6,154,3
"2682",682,6,154,3
"2683",683,6,155,3
"2684",684,6,155,3
"2685",685,6,155,3
"2686",686,6,155,3
"2687",687,6,155,3
"2688",688,6,155,3
"2689",689,5,156,3
"2690",690,5,156,3
"2691",691,5,156,3
"2692",692,5,156,3
"2693",693,5,156,3
"2694",694,5,157,3
"2695",695,5,157,3
"2696",696,5,157,3
"2697",697,5,157,3
"2698",698,5,157,3
"2699",699,3,158,3
"2700",700,3,158,3
"2701",701,3,158,3
"2702",702,3,159,3
"2703",703,3,159,3
"2704",704,3,159,3
"2705",705,5,160,3
"2706",706,5,160,3
"2707",707,5,160,3
"2708",708,5,160,3
"2709",709,5,160,3
"2710",710,5,161,3
"2711",711,5,161,3
"2712",712,5,161,3
"2713",713,5,161,3
"2714",714,5,161,3
"2715",715,5,162,3
"2716",716,5,162,3
"2717",717,5,162,3
"2718",718,5,162,3
"2719",719,5,162,3
"2720",720,6,163,3
"2721",721,6,163,3
"2722",722,6,163,3
"2723",723,6,163,3
"2724",724,6,163,3
"2725",725,6,163,3
"2726",726,5,164,3
"2727",727,5,164,3
"2728",728,5,164,3
"2729",729,5,164,3
"2730",730,5,164,3
"2731",731,5,165,3
"2732",732,5,165,3
"2733",733,5,165,3
"2734",734,5,165,3
"2735",735,5,165,3
"2736",736,4,166,3
"2737",737,4,166,3
"2738",738,4,166,3
"2739",739,4,166,3
"2740",740,5,167,3
"2741",741,5,167,3
"2742",742,5,167,3
"2743",743,5,167,3
"2744",744,5,167,3
"2745",745,6,168,3
"2746",746,6,168,3
"2747",747,6,168,3
"2748",748,6,168,3
"2749",749,6,168,3
"2750",750,6,168,3
"2751",751,5,169,3
"2752",752,5,169,3
"2753",753,5,169,3
"2754",754,5,169,3
"2755",755,5,169,3
"2756",756,4,170,3
"2757",757,4,170,3
"2758",758,4,170,3
"2759",759,4,170,3
"2760",760,6,171,3
"2761",761,6,171,3
"2762",762,6,171,3
"2763",763,6,171,3
"2764",764,6,171,3
"2765",765,6,171,3
"2766",766,4,172,3
"2767",767,4,172,3
"2768",768,4,172,3
"2769",769,4,172,3
"2770",770,5,173,3
"2771",771,5,173,3
"2772",772,5,173,3
"2773",773,5,173,3
"2774",774,5,173,3
"2775",775,5,174,3
"2776",776,5,174,3
"2777",777,5,174,3
"2778",778,5,174,3
"2779",779,5,174,3
"2780",780,4,175,3
"2781",781,4,175,3
"2782",782,4,175,3
"2783",783,4,175,3
"2784",784,3,176,3
"2785",785,3,176,3
"2786",786,3,176,3
"2787",787,6,177,3
"2788",788,6,177,3
"2789",789,6,177,3
"2790",790,6,177,3
"2791",791,6,177,3
"2792",792,6,177,3
"2793",793,4,178,3
"2794",794,4,178,3
"2795",795,4,178,3
"2796",796,4,178,3
"2797",797,4,179,3
"2798",798,4,179,3
"2799",799,4,179,3
"2800",800,4,179,3
"2801",801,6,180,3
"2802",802,6,180,3
"2803",803,6,180,3
"2804",804,6,180,3
"2805",805,6,180,3
"2806",806,6,180,3
"2807",807,6,181,3
"2808",808,6,181,3
"2809",809,6,181,3
"2810",810,6,181,3
"2811",811,6,181,3
"2812",812,6,181,3
"2813",813,5,182,3
"2814",814,5,182,3
"2815",815,5,182,3
"2816",816,5,182,3
"2817",817,5,182,3
"2818",818,3,183,3
"2819",819,3,183,3
"2820",820,3,183,3
"2821",821,4,184,3
"2822",822,4,184,3
"2823",823,4,184,3
"2824",824,4,184,3
"2825",825,5,185,3
"2826",826,5,185,3
"2827",827,5,185,3
"2828",828,5,185,3
"2829",829,5,185,3
"2830",830,6,186,3
"2831",831,6,186,3
"2832",832,6,186,3
"2833",833,6,186,3
"2834",834,6,186,3
"2835",835,6,186,3
"2836",836,3,187,3
"2837",837,3,187,3
"2838",838,3,187,3
"2839",839,6,188,3
"2840",840,6,188,3
"2841",841,6,188,3
"2842",842,6,188,3
"2843",843,6,188,3
"2844",844,6,188,3
"2845",845,3,189,3
"2846",846,3,189,3
"2847",847,3,189,3
"2848",848,3,190,3
"2849",849,3,190,3
"2850",850,3,190,3
"2851",851,3,191,3
"2852",852,3,191,3
"2853",853,3,191,3
"2854",854,4,192,3
"2855",855,4,192,3
"2856",856,4,192,3
"2857",857,4,192,3
"2858",858,6,193,3
"2859",859,6,193,3
"2860",860,6,193,3
"2861",861,6,193,3
"2862",862,6,193,3
"2863",863,6,193,3
"2864",864,3,194,3
"2865",865,3,194,3
"2866",866,3,194,3
"2867",867,4,195,3
"2868",868,4,195,3
"2869",869,4,195,3
"2870",870,4,195,3
"2871",871,3,196,3
"2872",872,3,196,3
"2873",873,3,196,3
"2874",874,6,197,3
"2875",875,6,197,3
"2876",876,6,197,3
"2877",877,6,197,3
"2878",878,6,197,3
"2879",879,6,197,3
"2880",880,5,198,3
"2881",881,5,198,3
"2882",882,5,198,3
"2883",883,5,198,3
"2884",884,5,198,3
"2885",885,5,199,3
"2886",886,5,199,3
"2887",887,5,199,3
"2888",888,5,199,3
"2889",889,5,199,3
"2890",890,5,200,3
"2891",891,5,200,3
"2892",892,5,200,3
"2893",893,5,200,3
"2894",894,5,200,3
"2895",895,3,201,3
"2896",896,3,201,3
"2897",897,3,201,3
"2898",898,6,202,3
"2899",899,6,202,3
"2900",900,6,202,3
"2901",901,6,202,3
"2902",902,6,202,3
"2903",903,6,202,3
"2904",904,5,203,3
"2905",905,5,203,3
"2906",906,5,203,3
"2907",907,5,203,3
"2908",908,5,203,3
"2909",909,3,204,3
"2910",910,3,204,3
"2911",911,3,204,3
"2912",912,4,205,3
"2913",913,4,205,3
"2914",914,4,205,3
"2915",915,4,205,3
"2916",916,4,206,3
"2917",917,4,206,3
"2918",918,4,206,3
"2919",919,4,206,3
"2920",920,6,207,3
"2921",921,6,207,3
"2922",922,6,207,3
"2923",923,6,207,3
"2924",924,6,207,3
"2925",925,6,207,3
"2926",926,3,208,3
"2927",927,3,208,3
"2928",928,3,208,3
"2929",929,5,209,3
"2930",930,5,209,3
"2931",931,5,209,3
"2932",932,5,209,3
"2933",933,5,209,3
"2934",934,5,210,3
"2935",935,5,210,3
"2936",936,5,210,3
"2937",937,5,210,3
"2938",938,5,210,3
"2939",939,5,211,3
"2940",940,5,211,3
"2941",941,5,211,3
"2942",942,5,211,3
"2943",943,5,211,3
"2944",944,3,212,3
"2945",945,3,212,3
"2946",946,3,212,3
"2947",947,4,213,3
"2948",948,4,213,3
"2949",949,4,213,3
"2950",950,4,213,3
"2951",951,3,214,3
"2952",952,3,214,3
"2953",953,3,214,3
"2954",954,5,215,3
"2955",955,5,215,3
"2956",956,5,215,3
"2957",957,5,215,3
"2958",958,5,215,3
"2959",959,3,216,3
"2960",960,3,216,3
"2961",961,3,216,3
"2962",962,3,217,3
"2963",963,3,217,3
"2964",964,3,217,3
"2965",965,3,218,3
"2966",966,3,218,3
"2967",967,3,218,3
"2968",968,5,219,3
"2969",969,5,219,3
"2970",970,5,219,3
"2971",971,5,219,3
"2972",972,5,219,3
"2973",973,6,220,3
"2974",974,6,220,3
"2975",975,6,220,3
"2976",976,6,220,3
"2977",977,6,220,3
"2978",978,6,220,3
"2979",979,3,221,3
"2980",980,3,221,3
"2981",981,3,221,3
"2982",982,3,222,3
"2983",983,3,222,3
"2984",984,3,222,3
"2985",985,6,223,3
"2986",986,6,223,3
"2987",987,6,223,3
"2988",988,6,223,3
"2989",989,6,223,3
"2990",990,6,223,3
"2991",991,5,224,3
"2992",992,5,224,3
"2993",993,5,224,3
"2994",994,5,224,3
"2995",995,5,224,3
"2996",996,5,225,3
"2997",997,5,225,3
"2998",998,5,225,3
"2999",999,5,225,3
"3000",1000,5,225,3
"3001",1,6,1,4
"3002",2,6,1,4
"3003",3,6,1,4
"3004",4,6,1,4
"3005",5,6,1,4
"3006",6,6,1,4
"3007",7,3,2,4
"3008",8,3,2,4
"3009",9,3,2,4
"3010",10,3,3,4
"3011",11,3,3,4
"3012",12,3,3,4
"3013",13,5,4,4
"3014",14,5,4,4
"3015",15,5,4,4
"3016",16,5,4,4
"3017",17,5,4,4
"3018",18,3,5,4
"3019",19,3,5,4
"3020",20,3,5,4
"3021",21,4,6,4
"3022",22,4,6,4
"3023",23,4,6,4
"3024",24,4,6,4
"3025",25,4,7,4
"3026",26,4,7,4
"3027",27,4,7,4
"3028",28,4,7,4
"3029",29,3,8,4
"3030",30,3,8,4
"3031",31,3,8,4
"3032",32,5,9,4
"3033",33,5,9,4
"3034",34,5,9,4
"3035",35,5,9,4
"3036",36,5,9,4
"3037",37,5,10,4
"3038",38,5,10,4
"3039",39,5,10,4
"3040",40,5,10,4
"3041",41,5,10,4
"3042",42,6,11,4
"3043",43,6,11,4
"3044",44,6,11,4
"3045",45,6,11,4
"3046",46,6,11,4
"3047",47,6,11,4
"3048",48,5,12,4
"3049",49,5,12,4
"3050",50,5,12,4
"3051",51,5,12,4
"3052",52,5,12,4
"3053",53,4,13,4
"3054",54,4,13,4
"3055",55,4,13,4
"3056",56,4,13,4
"3057",57,3,14,4
"3058",58,3,14,4
"3059",59,3,14,4
"3060",60,6,15,4
"3061",61,6,15,4
"3062",62,6,15,4
"3063",63,6,15,4
"3064",64,6,15,4
"3065",65,6,15,4
"3066",66,6,16,4
"3067",67,6,16,4
"3068",68,6,16,4
"3069",69,6,16,4
"3070",70,6,16,4
"3071",71,6,16,4
"3072",72,3,17,4
"3073",73,3,17,4
"3074",74,3,17,4
"3075",75,6,18,4
"3076",76,6,18,4
"3077",77,6,18,4
"3078",78,6,18,4
"3079",79,6,18,4
"3080",80,6,18,4
"3081",81,6,19,4
"3082",82,6,19,4
"3083",83,6,19,4
"3084",84,6,19,4
"3085",85,6,19,4
"3086",86,6,19,4
"3087",87,3,20,4
"3088",88,3,20,4
"3089",89,3,20,4
"3090",90,5,21,4
"3091",91,5,21,4
"3092",92,5,21,4
"3093",93,5,21,4
"3094",94,5,21,4
"3095",95,4,22,4
"3096",96,4,22,4
"3097",97,4,22,4
"3098",98,4,22,4
"3099",99,5,23,4
"3100",100,5,23,4
"3101",101,5,23,4
"3102",102,5,23,4
"3103",103,5,23,4
"3104",104,6,24,4
"3105",105,6,24,4
"3106",106,6,24,4
"3107",107,6,24,4
"3108",108,6,24,4
"3109",109,6,24,4
"3110",110,6,25,4
"3111",111,6,25,4
"3112",112,6,25,4
"3113",113,6,25,4
"3114",114,6,25,4
"3115",115,6,25,4
"3116",116,4,26,4
"3117",117,4,26,4
"3118",118,4,26,4
"3119",119,4,26,4
"3120",120,3,27,4
"3121",121,3,27,4
"3122",122,3,27,4
"3123",123,5,28,4
"3124",124,5,28,4
"3125",125,5,28,4
"3126",126,5,28,4
"3127",127,5,28,4
"3128",128,5,29,4
"3129",129,5,29,4
"3130",130,5,29,4
"3131",131,5,29,4
"3132",132,5,29,4
"3133",133,5,30,4
"3134",134,5,30,4
"3135",135,5,30,4
"3136",136,5,30,4
"3137",137,5,30,4
"3138",138,3,31,4
"3139",139,3,31,4
"3140",140,3,31,4
"3141",141,6,32,4
"3142",142,6,32,4
"3143",143,6,32,4
"3144",144,6,32,4
"3145",145,6,32,4
"3146",146,6,32,4
"3147",147,4,33,4
"3148",148,4,33,4
"3149",149,4,33,4
"3150",150,4,33,4
"3151",151,5,34,4
"3152",152,5,34,4
"3153",153,5,34,4
"3154",154,5,34,4
"3155",155,5,34,4
"3156",156,5,35,4
"3157",157,5,35,4
"3158",158,5,35,4
"3159",159,5,35,4
"3160",160,5,35,4
"3161",161,3,36,4
"3162",162,3,36,4
"3163",163,3,36,4
"3164",164,5,37,4
"3165",165,5,37,4
"3166",166,5,37,4
"3167",167,5,37,4
"3168",168,5,37,4
"3169",169,4,38,4
"3170",170,4,38,4
"3171",171,4,38,4
"3172",172,4,38,4
"3173",173,3,39,4
"3174",174,3,39,4
"3175",175,3,39,4
"3176",176,6,40,4
"3177",177,6,40,4
"3178",178,6,40,4
"3179",179,6,40,4
"3180",180,6,40,4
"3181",181,6,40,4
"3182",182,6,41,4
"3183",183,6,41,4
"3184",184,6,41,4
"3185",185,6,41,4
"3186",186,6,41,4
"3187",187,6,41,4
"3188",188,5,42,4
"3189",189,5,42,4
"3190",190,5,42,4
"3191",191,5,42,4
"3192",192,5,42,4
"3193",193,4,43,4
"3194",194,4,43,4
"3195",195,4,43,4
"3196",196,4,43,4
"3197",197,3,44,4
"3198",198,3,44,4
"3199",199,3,44,4
"3200",200,5,45,4
"3201",201,5,45,4
"3202",202,5,45,4
"3203",203,5,45,4
"3204",204,5,45,4
"3205",205,3,46,4
"3206",206,3,46,4
"3207",207,3,46,4
"3208",208,4,47,4
"3209",209,4,47,4
"3210",210,4,47,4
"3211",211,4,47,4
"3212",212,4,48,4
"3213",213,4,48,4
"3214",214,4,48,4
"3215",215,4,48,4
"3216",216,5,49,4
"3217",217,5,49,4
"3218",218,5,49,4
"3219",219,5,49,4
"3220",220,5,49,4
"3221",221,3,50,4
"3222",222,3,50,4
"3223",223,3,50,4
"3224",224,3,51,4
"3225",225,3,51,4
"3226",226,3,51,4
"3227",227,6,52,4
"3228",228,6,52,4
"3229",229,6,52,4
"3230",230,6,52,4
"3231",231,6,52,4
"3232",232,6,52,4
"3233",233,3,53,4
"3234",234,3,53,4
"3235",235,3,53,4
"3236",236,5,54,4
"3237",237,5,54,4
"3238",238,5,54,4
"3239",239,5,54,4
"3240",240,5,54,4
"3241",241,3,55,4
"3242",242,3,55,4
"3243",243,3,55,4
"3244",244,5,56,4
"3245",245,5,56,4
"3246",246,5,56,4
"3247",247,5,56,4
"3248",248,5,56,4
"3249",249,4,57,4
"3250",250,4,57,4
"3251",251,4,57,4
"3252",252,4,57,4
"3253",253,5,58,4
"3254",254,5,58,4
"3255",255,5,58,4
"3256",256,5,58,4
"3257",257,5,58,4
"3258",258,6,59,4
"3259",259,6,59,4
"3260",260,6,59,4
"3261",261,6,59,4
"3262",262,6,59,4
"3263",263,6,59,4
"3264",264,3,60,4
"3265",265,3,60,4
"3266",266,3,60,4
"3267",267,5,61,4
"3268",268,5,61,4
"3269",269,5,61,4
"3270",270,5,61,4
"3271",271,5,61,4
"3272",272,3,62,4
"3273",273,3,62,4
"3274",274,3,62,4
"3275",275,4,63,4
"3276",276,4,63,4
"3277",277,4,63,4
"3278",278,4,63,4
"3279",279,3,64,4
"3280",280,3,64,4
"3281",281,3,64,4
"3282",282,4,65,4
"3283",283,4,65,4
"3284",284,4,65,4
"3285",285,4,65,4
"3286",286,4,66,4
"3287",287,4,66,4
"3288",288,4,66,4
"3289",289,4,66,4
"3290",290,3,67,4
"3291",291,3,67,4
"3292",292,3,67,4
"3293",293,4,68,4
"3294",294,4,68,4
"3295",295,4,68,4
"3296",296,4,68,4
"3297",297,5,69,4
"3298",298,5,69,4
"3299",299,5,69,4
"3300",300,5,69,4
"3301",301,5,69,4
"3302",302,4,70,4
"3303",303,4,70,4
"3304",304,4,70,4
"3305",305,4,70,4
"3306",306,3,71,4
"3307",307,3,71,4
"3308",308,3,71,4
"3309",309,3,72,4
"3310",310,3,72,4
"3311",311,3,72,4
"3312",312,3,73,4
"3313",313,3,73,4
"3314",314,3,73,4
"3315",315,6,74,4
"3316",316,6,74,4
"3317",317,6,74,4
"3318",318,6,74,4
"3319",319,6,74,4
"3320",320,6,74,4
"3321",321,5,75,4
"3322",322,5,75,4
"3323",323,5,75,4
"3324",324,5,75,4
"3325",325,5,75,4
"3326",326,4,76,4
"3327",327,4,76,4
"3328",328,4,76,4
"3329",329,4,76,4
"3330",330,4,77,4
"3331",331,4,77,4
"3332",332,4,77,4
"3333",333,4,77,4
"3334",334,6,78,4
"3335",335,6,78,4
"3336",336,6,78,4
"3337",337,6,78,4
"3338",338,6,78,4
"3339",339,6,78,4
"3340",340,3,79,4
"3341",341,3,79,4
"3342",342,3,79,4
"3343",343,3,80,4
"3344",344,3,80,4
"3345",345,3,80,4
"3346",346,3,81,4
"3347",347,3,81,4
"3348",348,3,81,4
"3349",349,3,82,4
"3350",350,3,82,4
"3351",351,3,82,4
"3352",352,4,83,4
"3353",353,4,83,4
"3354",354,4,83,4
"3355",355,4,83,4
"3356",356,3,84,4
"3357",357,3,84,4
"3358",358,3,84,4
"3359",359,4,85,4
"3360",360,4,85,4
"3361",361,4,85,4
"3362",362,4,85,4
"3363",363,3,86,4
"3364",364,3,86,4
"3365",365,3,86,4
"3366",366,4,87,4
"3367",367,4,87,4
"3368",368,4,87,4
"3369",369,4,87,4
"3370",370,3,88,4
"3371",371,3,88,4
"3372",372,3,88,4
"3373",373,3,89,4
"3374",374,3,89,4
"3375",375,3,89,4
"3376",376,6,90,4
"3377",377,6,90,4
"3378",378,6,90,4
"3379",379,6,90,4
"3380",380,6,90,4
"3381",381,6,90,4
"3382",382,6,91,4
"3383",383,6,91,4
"3384",384,6,91,4
"3385",385,6,91,4
"3386",386,6,91,4
"3387",387,6,91,4
"3388",388,3,92,4
"3389",389,3,92,4
"3390",390,3,92,4
"3391",391,3,93,4
"3392",392,3,93,4
"3393",393,3,93,4
"3394",394,4,94,4
"3395",395,4,94,4
"3396",396,4,94,4
"3397",397,4,94,4
"3398",398,5,95,4
"3399",399,5,95,4
"3400",400,5,95,4
"3401",401,5,95,4
"3402",402,5,95,4
"3403",403,3,96,4
"3404",404,3,96,4
"3405",405,3,96,4
"3406",406,6,97,4
"3407",407,6,97,4
"3408",408,6,97,4
"3409",409,6,97,4
"3410",410,6,97,4
"3411",411,6,97,4
"3412",412,3,98,4
"3413",413,3,98,4
"3414",414,3,98,4
"3415",415,3,99,4
"3416",416,3,99,4
"3417",417,3,99,4
"3418",418,4,100,4
"3419",419,4,100,4
"3420",420,4,100,4
"3421",421,4,100,4
"3422",422,4,101,4
"3423",423,4,101,4
"3424",424,4,101,4
"3425",425,4,101,4
"3426",426,6,102,4
"3427",427,6,102,4
"3428",428,6,102,4
"3429",429,6,102,4
"3430",430,6,102,4
"3431",431,6,102,4
"3432",432,3,103,4
"3433",433,3,103,4
"3434",434,3,103,4
"3435",435,6,104,4
"3436",436,6,104,4
"3437",437,6,104,4
"3438",438,6,104,4
"3439",439,6,104,4
"3440",440,6,104,4
"3441",441,3,105,4
"3442",442,3,105,4
"3443",443,3,105,4
"3444",444,5,106,4
"3445",445,5,106,4
"3446",446,5,106,4
"3447",447,5,106,4
"3448",448,5,106,4
"3449",449,6,107,4
"3450",450,6,107,4
"3451",451,6,107,4
"3452",452,6,107,4
"3453",453,6,107,4
"3454",454,6,107,4
"3455",455,3,108,4
"3456",456,3,108,4
"3457",457,3,108,4
"3458",458,5,109,4
"3459",459,5,109,4
"3460",460,5,109,4
"3461",461,5,109,4
"3462",462,5,109,4
"3463",463,4,110,4
"3464",464,4,110,4
"3465",465,4,110,4
"3466",466,4,110,4
"3467",467,3,111,4
"3468",468,3,111,4
"3469",469,3,111,4
"3470",470,5,112,4
"3471",471,5,112,4
"3472",472,5,112,4
"3473",473,5,112,4
"3474",474,5,112,4
"3475",475,6,113,4
"3476",476,6,113,4
"3477",477,6,113,4
"3478",478,6,113,4
"3479",479,6,113,4
"3480",480,6,113,4
"3481",481,5,114,4
"3482",482,5,114,4
"3483",483,5,114,4
"3484",484,5,114,4
"3485",485,5,114,4
"3486",486,3,115,4
"3487",487,3,115,4
"3488",488,3,115,4
"3489",489,3,116,4
"3490",490,3,116,4
"3491",491,3,116,4
"3492",492,3,117,4
"3493",493,3,117,4
"3494",494,3,117,4
"3495",495,3,118,4
"3496",496,3,118,4
"3497",497,3,118,4
"3498",498,5,119,4
"3499",499,5,119,4
"3500",500,5,119,4
"3501",501,5,119,4
"3502",502,5,119,4
"3503",503,5,120,4
"3504",504,5,120,4
"3505",505,5,120,4
"3506",506,5,120,4
"3507",507,5,120,4
"3508",508,6,121,4
"3509",509,6,121,4
"3510",510,6,121,4
"3511",511,6,121,4
"3512",512,6,121,4
"3513",513,6,121,4
"3514",514,4,122,4
"3515",515,4,122,4
"3516",516,4,122,4
"3517",517,4,122,4
"3518",518,4,123,4
"3519",519,4,123,4
"3520",520,4,123,4
"3521",521,4,123,4
"3522",522,3,124,4
"3523",523,3,124,4
"3524",524,3,124,4
"3525",525,6,125,4
"3526",526,6,125,4
"3527",527,6,125,4
"3528",528,6,125,4
"3529",529,6,125,4
"3530",530,6,125,4
"3531",531,3,126,4
"3532",532,3,126,4
"3533",533,3,126,4
"3534",534,3,127,4
"3535",535,3,127,4
"3536",536,3,127,4
"3537",537,3,128,4
"3538",538,3,128,4
"3539",539,3,128,4
"3540",540,3,129,4
"3541",541,3,129,4
"3542",542,3,129,4
"3543",543,4,130,4
"3544",544,4,130,4
"3545",545,4,130,4
"3546",546,4,130,4
"3547",547,4,131,4
"3548",548,4,131,4
"3549",549,4,131,4
"3550",550,4,131,4
"3551",551,4,132,4
"3552",552,4,132,4
"3553",553,4,132,4
"3554",554,4,132,4
"3555",555,6,133,4
"3556",556,6,133,4
"3557",557,6,133,4
"3558",558,6,133,4
"3559",559,6,133,4
"3560",560,6,133,4
"3561",561,3,134,4
"3562",562,3,134,4
"3563",563,3,134,4
"3564",564,6,135,4
"3565",565,6,135,4
"3566",566,6,135,4
"3567",567,6,135,4
"3568",568,6,135,4
"3569",569,6,135,4
"3570",570,3,136,4
"3571",571,3,136,4
"3572",572,3,136,4
"3573",573,3,137,4
"3574",574,3,137,4
"3575",575,3,137,4
"3576",576,6,138,4
"3577",577,6,138,4
"3578",578,6,138,4
"3579",579,6,138,4
"3580",580,6,138,4
"3581",581,6,138,4
"3582",582,6,139,4
"3583",583,6,139,4
"3584",584,6,139,4
"3585",585,6,139,4
"3586",586,6,139,4
"3587",587,6,139,4
"3588",588,5,140,4
"3589",589,5,140,4
"3590",590,5,140,4
"3591",591,5,140,4
"3592",592,5,140,4
"3593",593,6,141,4
"3594",594,6,141,4
"3595",595,6,141,4
"3596",596,6,141,4
"3597",597,6,141,4
"3598",598,6,141,4
"3599",599,3,142,4
"3600",600,3,142,4
"3601",601,3,142,4
"3602",602,6,143,4
"3603",603,6,143,4
"3604",604,6,143,4
"3605",605,6,143,4
"3606",606,6,143,4
"3607",607,6,143,4
"3608",608,4,144,4
"3609",609,4,144,4
"3610",610,4,144,4
"3611",611,4,144,4
"3612",612,3,145,4
"3613",613,3,145,4
"3614",614,3,145,4
"3615",615,4,146,4
"3616",616,4,146,4
"3617",617,4,146,4
"3618",618,4,146,4
"3619",619,3,147,4
"3620",620,3,147,4
"3621",621,3,147,4
"3622",622,6,148,4
"3623",623,6,148,4
"3624",624,6,148,4
"3625",625,6,148,4
"3626",626,6,148,4
"3627",627,6,148,4
"3628",628,5,149,4
"3629",629,5,149,4
"3630",630,5,149,4
"3631",631,5,149,4
"3632",632,5,149,4
"3633",633,5,150,4
"3634",634,5,150,4
"3635",635,5,150,4
"3636",636,5,150,4
"3637",637,5,150,4
"3638",638,4,151,4
"3639",639,4,151,4
"3640",640,4,151,4
"3641",641,4,151,4
"3642",642,4,152,4
"3643",643,4,152,4
"3644",644,4,152,4
"3645",645,4,152,4
"3646",646,3,153,4
"3647",647,3,153,4
"3648",648,3,153,4
"3649",649,5,154,4
"3650",650,5,154,4
"3651",651,5,154,4
"3652",652,5,154,4
"3653",653,5,154,4
"3654",654,4,155,4
"3655",655,4,155,4
"3656",656,4,155,4
"3657",657,4,155,4
"3658",658,3,156,4
"3659",659,3,156,4
"3660",660,3,156,4
"3661",661,4,157,4
"3662",662,4,157,4
"3663",663,4,157,4
"3664",664,4,157,4
"3665",665,5,158,4
"3666",666,5,158,4
"3667",667,5,158,4
"3668",668,5,158,4
"3669",669,5,158,4
"3670",670,4,159,4
"3671",671,4,159,4
"3672",672,4,159,4
"3673",673,4,159,4
"3674",674,3,160,4
"3675",675,3,160,4
"3676",676,3,160,4
"3677",677,6,161,4
"3678",678,6,161,4
"3679",679,6,161,4
"3680",680,6,161,4
"3681",681,6,161,4
"3682",682,6,161,4
"3683",683,5,162,4
"3684",684,5,162,4
"3685",685,5,162,4
"3686",686,5,162,4
"3687",687,5,162,4
"3688",688,3,163,4
"3689",689,3,163,4
"3690",690,3,163,4
"3691",691,5,164,4
"3692",692,5,164,4
"3693",693,5,164,4
"3694",694,5,164,4
"3695",695,5,164,4
"3696",696,5,165,4
"3697",697,5,165,4
"3698",698,5,165,4
"3699",699,5,165,4
"3700",700,5,165,4
"3701",701,3,166,4
"3702",702,3,166,4
"3703",703,3,166,4
"3704",704,4,167,4
"3705",705,4,167,4
"3706",706,4,167,4
"3707",707,4,167,4
"3708",708,5,168,4
"3709",709,5,168,4
"3710",710,5,168,4
"3711",711,5,168,4
"3712",712,5,168,4
"3713",713,6,169,4
"3714",714,6,169,4
"3715",715,6,169,4
"3716",716,6,169,4
"3717",717,6,169,4
"3718",718,6,169,4
"3719",719,4,170,4
"3720",720,4,170,4
"3721",721,4,170,4
"3722",722,4,170,4
"3723",723,3,171,4
"3724",724,3,171,4
"3725",725,3,171,4
"3726",726,3,172,4
"3727",727,3,172,4
"3728",728,3,172,4
"3729",729,3,173,4
"3730",730,3,173,4
"3731",731,3,173,4
"3732",732,3,174,4
"3733",733,3,174,4
"3734",734,3,174,4
"3735",735,3,175,4
"3736",736,3,175,4
"3737",737,3,175,4
"3738",738,6,176,4
"3739",739,6,176,4
"3740",740,6,176,4
"3741",741,6,176,4
"3742",742,6,176,4
"3743",743,6,176,4
"3744",744,6,177,4
"3745",745,6,177,4
"3746",746,6,177,4
"3747",747,6,177,4
"3748",748,6,177,4
"3749",749,6,177,4
"3750",750,3,178,4
"3751",751,3,178,4
"3752",752,3,178,4
"3753",753,5,179,4
"3754",754,5,179,4
"3755",755,5,179,4
"3756",756,5,179,4
"3757",757,5,179,4
"3758",758,6,180,4
"3759",759,6,180,4
"3760",760,6,180,4
"3761",761,6,180,4
"3762",762,6,180,4
"3763",763,6,180,4
"3764",764,5,181,4
"3765",765,5,181,4
"3766",766,5,181,4
"3767",767,5,181,4
"3768",768,5,181,4
"3769",769,3,182,4
"3770",770,3,182,4
"3771",771,3,182,4
"3772",772,5,183,4
"3773",773,5,183,4
"3774",774,5,183,4
"3775",775,5,183,4
"3776",776,5,183,4
"3777",777,4,184,4
"3778",778,4,184,4
"3779",779,4,184,4
"3780",780,4,184,4
"3781",781,5,185,4
"3782",782,5,185,4
"3783",783,5,185,4
"3784",784,5,185,4
"3785",785,5,185,4
"3786",786,6,186,4
"3787",787,6,186,4
"3788",788,6,186,4
"3789",789,6,186,4
"3790",790,6,186,4
"3791",791,6,186,4
"3792",792,3,187,4
"3793",793,3,187,4
"3794",794,3,187,4
"3795",795,4,188,4
"3796",796,4,188,4
"3797",797,4,188,4
"3798",798,4,188,4
"3799",799,3,189,4
"3800",800,3,189,4
"3801",801,3,189,4
"3802",802,4,190,4
"3803",803,4,190,4
"3804",804,4,190,4
"3805",805,4,190,4
"3806",806,6,191,4
"3807",807,6,191,4
"3808",808,6,191,4
"3809",809,6,191,4
"3810",810,6,191,4
"3811",811,6,191,4
"3812",812,4,192,4
"3813",813,4,192,4
"3814",814,4,192,4
"3815",815,4,192,4
"3816",816,3,193,4
"3817",817,3,193,4
"3818",818,3,193,4
"3819",819,3,194,4
"3820",820,3,194,4
"3821",821,3,194,4
"3822",822,4,195,4
"3823",823,4,195,4
"3824",824,4,195,4
"3825",825,4,195,4
"3826",826,3,196,4
"3827",827,3,196,4
"3828",828,3,196,4
"3829",829,6,197,4
"3830",830,6,197,4
"3831",831,6,197,4
"3832",832,6,197,4
"3833",833,6,197,4
"3834",834,6,197,4
"3835",835,4,198,4
"3836",836,4,198,4
"3837",837,4,198,4
"3838",838,4,198,4
"3839",839,4,199,4
"3840",840,4,199,4
"3841",841,4,199,4
"3842",842,4,199,4
"3843",843,6,200,4
"3844",844,6,200,4
"3845",845,6,200,4
"3846",846,6,200,4
"3847",847,6,200,4
"3848",848,6,200,4
"3849",849,3,201,4
"3850",850,3,201,4
"3851",851,3,201,4
"3852",852,3,202,4
"3853",853,3,202,4
"3854",854,3,202,4
"3855",855,6,203,4
"3856",856,6,203,4
"3857",857,6,203,4
"3858",858,6,203,4
"3859",859,6,203,4
"3860",860,6,203,4
"3861",861,6,204,4
"3862",862,6,204,4
"3863",863,6,204,4
"3864",864,6,204,4
"3865",865,6,204,4
"3866",866,6,204,4
"3867",867,5,205,4
"3868",868,5,205,4
"3869",869,5,205,4
"3870",870,5,205,4
"3871",871,5,205,4
"3872",872,3,206,4
"3873",873,3,206,4
"3874",874,3,206,4
"3875",875,6,207,4
"3876",876,6,207,4
"3877",877,6,207,4
"3878",878,6,207,4
"3879",879,6,207,4
"3880",880,6,207,4
"3881",881,3,208,4
"3882",882,3,208,4
"3883",883,3,208,4
"3884",884,6,209,4
"3885",885,6,209,4
"3886",886,6,209,4
"3887",887,6,209,4
"3888",888,6,209,4
"3889",889,6,209,4
"3890",890,3,210,4
"3891",891,3,210,4
"3892",892,3,210,4
"3893",893,3,211,4
"3894",894,3,211,4
"3895",895,3,211,4
"3896",896,4,212,4
"3897",897,4,212,4
"3898",898,4,212,4
"3899",899,4,212,4
"3900",900,3,213,4
"3901",901,3,213,4
"3902",902,3,213,4
"3903",903,4,214,4
"3904",904,4,214,4
"3905",905,4,214,4
"3906",906,4,214,4
"3907",907,6,215,4
"3908",908,6,215,4
"3909",909,6,215,4
"3910",910,6,215,4
"3911",911,6,215,4
"3912",912,6,215,4
"3913",913,4,216,4
"3914",914,4,216,4
"3915",915,4,216,4
"3916",916,4,216,4
"3917",917,3,217,4
"3918",918,3,217,4
"3919",919,3,217,4
"3920",920,4,218,4
"3921",921,4,218,4
"3922",922,4,218,4
"3923",923,4,218,4
"3924",924,4,219,4
"3925",925,4,219,4
"3926",926,4,219,4
"3927",927,4,219,4
"3928",928,5,220,4
"3929",929,5,220,4
"3930",930,5,220,4
"3931",931,5,220,4
"3932",932,5,220,4
"3933",933,3,221,4
"3934",934,3,221,4
"3935",935,3,221,4
"3936",936,3,222,4
"3937",937,3,222,4
"3938",938,3,222,4
"3939",939,4,223,4
"3940",940,4,223,4
"3941",941,4,223,4
"3942",942,4,223,4
"3943",943,6,224,4
"3944",944,6,224,4
"3945",945,6,224,4
"3946",946,6,224,4
"3947",947,6,224,4
"3948",948,6,224,4
"3949",949,3,225,4
"3950",950,3,225,4
"3951",951,3,225,4
"3952",952,5,226,4
"3953",953,5,226,4
"3954",954,5,226,4
"3955",955,5,226,4
"3956",956,5,226,4
"3957",957,5,227,4
"3958",958,5,227,4
"3959",959,5,227,4
"3960",960,5,227,4
"3961",961,5,227,4
"3962",962,5,228,4
"3963",963,5,228,4
"3964",964,5,228,4
"3965",965,5,228,4
"3966",966,5,228,4
"3967",967,6,229,4
"3968",968,6,229,4
"3969",969,6,229,4
"3970",970,6,229,4
"3971",971,6,229,4
"3972",972,6,229,4
"3973",973,6,230,4
"3974",974,6,230,4
"3975",975,6,230,4
"3976",976,6,230,4
"3977",977,6,230,4
"3978",978,6,230,4
"3979",979,3,231,4
"3980",980,3,231,4
"3981",981,3,231,4
"3982",982,4,232,4
"3983",983,4,232,4
"3984",984,4,232,4
"3985",985,4,232,4
"3986",986,5,233,4
"3987",987,5,233,4
"3988",988,5,233,4
"3989",989,5,233,4
"3990",990,5,233,4
"3991",991,5,234,4
"3992",992,5,234,4
"3993",993,5,234,4
"3994",994,5,234,4
"3995",995,5,234,4
"3996",996,5,235,4
"3997",997,5,235,4
"3998",998,5,235,4
"3999",999,5,235,4
"4000",1000,5,235,4
"4001",1,4,1,5
"4002",2,4,1,5
"4003",3,4,1,5
"4004",4,4,1,5
"4005",5,4,2,5
"4006",6,4,2,5
"4007",7,4,2,5
"4008",8,4,2,5
"4009",9,5,3,5
"4010",10,5,3,5
"4011",11,5,3,5
"4012",12,5,3,5
"4013",13,5,3,5
"4014",14,4,4,5
"4015",15,4,4,5
"4016",16,4,4,5
"4017",17,4,4,5
"4018",18,5,5,5
"4019",19,5,5,5
"4020",20,5,5,5
"4021",21,5,5,5
"4022",22,5,5,5
"4023",23,3,6,5
"4024",24,3,6,5
"4025",25,3,6,5
"4026",26,4,7,5
"4027",27,4,7,5
"4028",28,4,7,5
"4029",29,4,7,5
"4030",30,3,8,5
"4031",31,3,8,5
"4032",32,3,8,5
"4033",33,4,9,5
"4034",34,4,9,5
"4035",35,4,9,5
"4036",36,4,9,5
"4037",37,3,10,5
"4038",38,3,10,5
"4039",39,3,10,5
"4040",40,6,11,5
"4041",41,6,11,5
"4042",42,6,11,5
"4043",43,6,11,5
"4044",44,6,11,5
"4045",45,6,11,5
"4046",46,6,12,5
"4047",47,6,12,5
"4048",48,6,12,5
"4049",49,6,12,5
"4050",50,6,12,5
"4051",51,6,12,5
"4052",52,4,13,5
"4053",53,4,13,5
"4054",54,4,13,5
"4055",55,4,13,5
"4056",56,4,14,5
"4057",57,4,14,5
"4058",58,4,14,5
"4059",59,4,14,5
"4060",60,3,15,5
"4061",61,3,15,5
"4062",62,3,15,5
"4063",63,5,16,5
"4064",64,5,16,5
"4065",65,5,16,5
"4066",66,5,16,5
"4067",67,5,16,5
"4068",68,6,17,5
"4069",69,6,17,5
"4070",70,6,17,5
"4071",71,6,17,5
"4072",72,6,17,5
"4073",73,6,17,5
"4074",74,5,18,5
"4075",75,5,18,5
"4076",76,5,18,5
"4077",77,5,18,5
"4078",78,5,18,5
"4079",79,4,19,5
"4080",80,4,19,5
"4081",81,4,19,5
"4082",82,4,19,5
"4083",83,5,20,5
"4084",84,5,20,5
"4085",85,5,20,5
"4086",86,5,20,5
"4087",87,5,20,5
"4088",88,6,21,5
"4089",89,6,21,5
"4090",90,6,21,5
"4091",91,6,21,5
"4092",92,6,21,5
"4093",93,6,21,5
"4094",94,3,22,5
"4095",95,3,22,5
"4096",96,3,22,5
"4097",97,3,23,5
"4098",98,3,23,5
"4099",99,3,23,5
"4100",100,6,24,5
"4101",101,6,24,5
"4102",102,6,24,5
"4103",103,6,24,5
"4104",104,6,24,5
"4105",105,6,24,5
"4106",106,5,25,5
"4107",107,5,25,5
"4108",108,5,25,5
"4109",109,5,25,5
"4110",110,5,25,5
"4111",111,5,26,5
"4112",112,5,26,5
"4113",113,5,26,5
"4114",114,5,26,5
"4115",115,5,26,5
"4116",116,4,27,5
"4117",117,4,27,5
"4118",118,4,27,5
"4119",119,4,27,5
"4120",120,3,28,5
"4121",121,3,28,5
"4122",122,3,28,5
"4123",123,5,29,5
"4124",124,5,29,5
"4125",125,5,29,5
"4126",126,5,29,5
"4127",127,5,29,5
"4128",128,4,30,5
"4129",129,4,30,5
"4130",130,4,30,5
"4131",131,4,30,5
"4132",132,3,31,5
"4133",133,3,31,5
"4134",134,3,31,5
"4135",135,4,32,5
"4136",136,4,32,5
"4137",137,4,32,5
"4138",138,4,32,5
"4139",139,4,33,5
"4140",140,4,33,5
"4141",141,4,33,5
"4142",142,4,33,5
"4143",143,4,34,5
"4144",144,4,34,5
"4145",145,4,34,5
"4146",146,4,34,5
"4147",147,4,35,5
"4148",148,4,35,5
"4149",149,4,35,5
"4150",150,4,35,5
"4151",151,5,36,5
"4152",152,5,36,5
"4153",153,5,36,5
"4154",154,5,36,5
"4155",155,5,36,5
"4156",156,3,37,5
"4157",157,3,37,5
"4158",158,3,37,5
"4159",159,6,38,5
"4160",160,6,38,5
"4161",161,6,38,5
"4162",162,6,38,5
"4163",163,6,38,5
"4164",164,6,38,5
"4165",165,3,39,5
"4166",166,3,39,5
"4167",167,3,39,5
"4168",168,4,40,5
"4169",169,4,40,5
"4170",170,4,40,5
"4171",171,4,40,5
"4172",172,5,41,5
"4173",173,5,41,5
"4174",174,5,41,5
"4175",175,5,41,5
"4176",176,5,41,5
"4177",177,6,42,5
"4178",178,6,42,5
"4179",179,6,42,5
"4180",180,6,42,5
"4181",181,6,42,5
"4182",182,6,42,5
"4183",183,5,43,5
"4184",184,5,43,5
"4185",185,5,43,5
"4186",186,5,43,5
"4187",187,5,43,5
"4188",188,4,44,5
"4189",189,4,44,5
"4190",190,4,44,5
"4191",191,4,44,5
"4192",192,3,45,5
"4193",193,3,45,5
"4194",194,3,45,5
"4195",195,3,46,5
"4196",196,3,46,5
"4197",197,3,46,5
"4198",198,5,47,5
"4199",199,5,47,5
"4200",200,5,47,5
"4201",201,5,47,5
"4202",202,5,47,5
"4203",203,5,48,5
"4204",204,5,48,5
"4205",205,5,48,5
"4206",206,5,48,5
"4207",207,5,48,5
"4208",208,4,49,5
"4209",209,4,49,5
"4210",210,4,49,5
"4211",211,4,49,5
"4212",212,6,50,5
"4213",213,6,50,5
"4214",214,6,50,5
"4215",215,6,50,5
"4216",216,6,50,5
"4217",217,6,50,5
"4218",218,4,51,5
"4219",219,4,51,5
"4220",220,4,51,5
"4221",221,4,51,5
"4222",222,4,52,5
"4223",223,4,52,5
"4224",224,4,52,5
"4225",225,4,52,5
"4226",226,6,53,5
"4227",227,6,53,5
"4228",228,6,53,5
"4229",229,6,53,5
"4230",230,6,53,5
"4231",231,6,53,5
"4232",232,5,54,5
"4233",233,5,54,5
"4234",234,5,54,5
"4235",235,5,54,5
"4236",236,5,54,5
"4237",237,6,55,5
"4238",238,6,55,5
"4239",239,6,55,5
"4240",240,6,55,5
"4241",241,6,55,5
"4242",242,6,55,5
"4243",243,4,56,5
"4244",244,4,56,5
"4245",245,4,56,5
"4246",246,4,56,5
"4247",247,6,57,5
"4248",248,6,57,5
"4249",249,6,57,5
"4250",250,6,57,5
"4251",251,6,57,5
"4252",252,6,57,5
"4253",253,4,58,5
"4254",254,4,58,5
"4255",255,4,58,5
"4256",256,4,58,5
"4257",257,3,59,5
"4258",258,3,59,5
"4259",259,3,59,5
"4260",260,3,60,5
"4261",261,3,60,5
"4262",262,3,60,5
"4263",263,4,61,5
"4264",264,4,61,5
"4265",265,4,61,5
"4266",266,4,61,5
"4267",267,5,62,5
"4268",268,5,62,5
"4269",269,5,62,5
"4270",270,5,62,5
"4271",271,5,62,5
"4272",272,3,63,5
"4273",273,3,63,5
"4274",274,3,63,5
"4275",275,5,64,5
"4276",276,5,64,5
"4277",277,5,64,5
"4278",278,5,64,5
"4279",279,5,64,5
"4280",280,4,65,5
"4281",281,4,65,5
"4282",282,4,65,5
"4283",283,4,65,5
"4284",284,5,66,5
"4285",285,5,66,5
"4286",286,5,66,5
"4287",287,5,66,5
"4288",288,5,66,5
"4289",289,5,67,5
"4290",290,5,67,5
"4291",291,5,67,5
"4292",292,5,67,5
"4293",293,5,67,5
"4294",294,5,68,5
"4295",295,5,68,5
"4296",296,5,68,5
"4297",297,5,68,5
"4298",298,5,68,5
"4299",299,5,69,5
"4300",300,5,69,5
"4301",301,5,69,5
"4302",302,5,69,5
"4303",303,5,69,5
"4304",304,3,70,5
"4305",305,3,70,5
"4306",306,3,70,5
"4307",307,6,71,5
"4308",308,6,71,5
"4309",309,6,71,5
"4310",310,6,71,5
"4311",311,6,71,5
"4312",312,6,71,5
"4313",313,5,72,5
"4314",314,5,72,5
"4315",315,5,72,5
"4316",316,5,72,5
"4317",317,5,72,5
"4318",318,5,73,5
"4319",319,5,73,5
"4320",320,5,73,5
"4321",321,5,73,5
"4322",322,5,73,5
"4323",323,4,74,5
"4324",324,4,74,5
"4325",325,4,74,5
"4326",326,4,74,5
"4327",327,3,75,5
"4328",328,3,75,5
"4329",329,3,75,5
"4330",330,5,76,5
"4331",331,5,76,5
"4332",332,5,76,5
"4333",333,5,76,5
"4334",334,5,76,5
"4335",335,5,77,5
"4336",336,5,77,5
"4337",337,5,77,5
"4338",338,5,77,5
"4339",339,5,77,5
"4340",340,4,78,5
"4341",341,4,78,5
"4342",342,4,78,5
"4343",343,4,78,5
"4344",344,3,79,5
"4345",345,3,79,5
"4346",346,3,79,5
"4347",347,5,80,5
"4348",348,5,80,5
"4349",349,5,80,5
"4350",350,5,80,5
"4351",351,5,80,5
"4352",352,3,81,5
"4353",353,3,81,5
"4354",354,3,81,5
"4355",355,5,82,5
"4356",356,5,82,5
"4357",357,5,82,5
"4358",358,5,82,5
"4359",359,5,82,5
"4360",360,4,83,5
"4361",361,4,83,5
"4362",362,4,83,5
"4363",363,4,83,5
"4364",364,6,84,5
"4365",365,6,84,5
"4366",366,6,84,5
"4367",367,6,84,5
"4368",368,6,84,5
"4369",369,6,84,5
"4370",370,5,85,5
"4371",371,5,85,5
"4372",372,5,85,5
"4373",373,5,85,5
"4374",374,5,85,5
"4375",375,5,86,5
"4376",376,5,86,5
"4377",377,5,86,5
"4378",378,5,86,5
"4379",379,5,86,5
"4380",380,5,87,5
"4381",381,5,87,5
"4382",382,5,87,5
"4383",383,5,87,5
"4384",384,5,87,5
"4385",385,6,88,5
"4386",386,6,88,5
"4387",387,6,88,5
"4388",388,6,88,5
"4389",389,6,88,5
"4390",390,6,88,5
"4391",391,3,89,5
"4392",392,3,89,5
"4393",393,3,89,5
"4394",394,4,90,5
"4395",395,4,90,5
"4396",396,4,90,5
"4397",397,4,90,5
"4398",398,3,91,5
"4399",399,3,91,5
"4400",400,3,91,5
"4401",401,6,92,5
"4402",402,6,92,5
"4403",403,6,92,5
"4404",404,6,92,5
"4405",405,6,92,5
"4406",406,6,92,5
"4407",407,3,93,5
"4408",408,3,93,5
"4409",409,3,93,5
"4410",410,6,94,5
"4411",411,6,94,5
"4412",412,6,94,5
"4413",413,6,94,5
"4414",414,6,94,5
"4415",415,6,94,5
"4416",416,6,95,5
"4417",417,6,95,5
"4418",418,6,95,5
"4419",419,6,95,5
"4420",420,6,95,5
"4421",421,6,95,5
"4422",422,4,96,5
"4423",423,4,96,5
"4424",424,4,96,5
"4425",425,4,96,5
"4426",426,6,97,5
"4427",427,6,97,5
"4428",428,6,97,5
"4429",429,6,97,5
"4430",430,6,97,5
"4431",431,6,97,5
"4432",432,5,98,5
"4433",433,5,98,5
"4434",434,5,98,5
"4435",435,5,98,5
"4436",436,5,98,5
"4437",437,4,99,5
"4438",438,4,99,5
"4439",439,4,99,5
"4440",440,4,99,5
"4441",441,3,100,5
"4442",442,3,100,5
"4443",443,3,100,5
"4444",444,4,101,5
"4445",445,4,101,5
"4446",446,4,101,5
"4447",447,4,101,5
"4448",448,3,102,5
"4449",449,3,102,5
"4450",450,3,102,5
"4451",451,5,103,5
"4452",452,5,103,5
"4453",453,5,103,5
"4454",454,5,103,5
"4455",455,5,103,5
"4456",456,5,104,5
"4457",457,5,104,5
"4458",458,5,104,5
"4459",459,5,104,5
"4460",460,5,104,5
"4461",461,4,105,5
"4462",462,4,105,5
"4463",463,4,105,5
"4464",464,4,105,5
"4465",465,5,106,5
"4466",466,5,106,5
"4467",467,5,106,5
"4468",468,5,106,5
"4469",469,5,106,5
"4470",470,3,107,5
"4471",471,3,107,5
"4472",472,3,107,5
"4473",473,6,108,5
"4474",474,6,108,5
"4475",475,6,108,5
"4476",476,6,108,5
"4477",477,6,108,5
"4478",478,6,108,5
"4479",479,3,109,5
"4480",480,3,109,5
"4481",481,3,109,5
"4482",482,5,110,5
"4483",483,5,110,5
"4484",484,5,110,5
"4485",485,5,110,5
"4486",486,5,110,5
"4487",487,4,111,5
"4488",488,4,111,5
"4489",489,4,111,5
"4490",490,4,111,5
"4491",491,4,112,5
"4492",492,4,112,5
"4493",493,4,112,5
"4494",494,4,112,5
"4495",495,4,113,5
"4496",496,4,113,5
"4497",497,4,113,5
"4498",498,4,113,5
"4499",499,4,114,5
"4500",500,4,114,5
"4501",501,4,114,5
"4502",502,4,114,5
"4503",503,3,115,5
"4504",504,3,115,5
"4505",505,3,115,5
"4506",506,4,116,5
"4507",507,4,116,5
"4508",508,4,116,5
"4509",509,4,116,5
"4510",510,5,117,5
"4511",511,5,117,5
"4512",512,5,117,5
"4513",513,5,117,5
"4514",514,5,117,5
"4515",515,4,118,5
"4516",516,4,118,5
"4517",517,4,118,5
"4518",518,4,118,5
"4519",519,6,119,5
"4520",520,6,119,5
"4521",521,6,119,5
"4522",522,6,119,5
"4523",523,6,119,5
"4524",524,6,119,5
"4525",525,4,120,5
"4526",526,4,120,5
"4527",527,4,120,5
"4528",528,4,120,5
"4529",529,4,121,5
"4530",530,4,121,5
"4531",531,4,121,5
"4532",532,4,121,5
"4533",533,6,122,5
"4534",534,6,122,5
"4535",535,6,122,5
"4536",536,6,122,5
"4537",537,6,122,5
"4538",538,6,122,5
"4539",539,4,123,5
"4540",540,4,123,5
"4541",541,4,123,5
"4542",542,4,123,5
"4543",543,6,124,5
"4544",544,6,124,5
"4545",545,6,124,5
"4546",546,6,124,5
"4547",547,6,124,5
"4548",548,6,124,5
"4549",549,4,125,5
"4550",550,4,125,5
"4551",551,4,125,5
"4552",552,4,125,5
"4553",553,5,126,5
"4554",554,5,126,5
"4555",555,5,126,5
"4556",556,5,126,5
"4557",557,5,126,5
"4558",558,6,127,5
"4559",559,6,127,5
"4560",560,6,127,5
"4561",561,6,127,5
"4562",562,6,127,5
"4563",563,6,127,5
"4564",564,6,128,5
"4565",565,6,128,5
"4566",566,6,128,5
"4567",567,6,128,5
"4568",568,6,128,5
"4569",569,6,128,5
"4570",570,3,129,5
"4571",571,3,129,5
"4572",572,3,129,5
"4573",573,5,130,5
"4574",574,5,130,5
"4575",575,5,130,5
"4576",576,5,130,5
"4577",577,5,130,5
"4578",578,4,131,5
"4579",579,4,131,5
"4580",580,4,131,5
"4581",581,4,131,5
"4582",582,3,132,5
"4583",583,3,132,5
"4584",584,3,132,5
"4585",585,5,133,5
"4586",586,5,133,5
"4587",587,5,133,5
"4588",588,5,133,5
"4589",589,5,133,5
"4590",590,3,134,5
"4591",591,3,134,5
"4592",592,3,134,5
"4593",593,5,135,5
"4594",594,5,135,5
"4595",595,5,135,5
"4596",596,5,135,5
"4597",597,5,135,5
"4598",598,6,136,5
"4599",599,6,136,5
"4600",600,6,136,5
"4601",601,6,136,5
"4602",602,6,136,5
"4603",603,6,136,5
"4604",604,6,137,5
"4605",605,6,137,5
"4606",606,6,137,5
"4607",607,6,137,5
"4608",608,6,137,5
"4609",609,6,137,5
"4610",610,6,138,5
"4611",611,6,138,5
"4612",612,6,138,5
"4613",613,6,138,5
"4614",614,6,138,5
"4615",615,6,138,5
"4616",616,3,139,5
"4617",617,3,139,5
"4618",618,3,139,5
"4619",619,3,140,5
"4620",620,3,140,5
"4621",621,3,140,5
"4622",622,5,141,5
"4623",623,5,141,5
"4624",624,5,141,5
"4625",625,5,141,5
"4626",626,5,141,5
"4627",627,5,142,5
"4628",628,5,142,5
"4629",629,5,142,5
"4630",630,5,142,5
"4631",631,5,142,5
"4632",632,6,143,5
"4633",633,6,143,5
"4634",634,6,143,5
"4635",635,6,143,5
"4636",636,6,143,5
"4637",637,6,143,5
"4638",638,4,144,5
"4639",639,4,144,5
"4640",640,4,144,5
"4641",641,4,144,5
"4642",642,6,145,5
"4643",643,6,145,5
"4644",644,6,145,5
"4645",645,6,145,5
"4646",646,6,145,5
"4647",647,6,145,5
"4648",648,6,146,5
"4649",649,6,146,5
"4650",650,6,146,5
"4651",651,6,146,5
"4652",652,6,146,5
"4653",653,6,146,5
"4654",654,5,147,5
"4655",655,5,147,5
"4656",656,5,147,5
"4657",657,5,147,5
"4658",658,5,147,5
"4659",659,3,148,5
"4660",660,3,148,5
"4661",661,3,148,5
"4662",662,3,149,5
"4663",663,3,149,5
"4664",664,3,149,5
"4665",665,5,150,5
"4666",666,5,150,5
"4667",667,5,150,5
"4668",668,5,150,5
"4669",669,5,150,5
"4670",670,4,151,5
"4671",671,4,151,5
"4672",672,4,151,5
"4673",673,4,151,5
"4674",674,5,152,5
"4675",675,5,152,5
"4676",676,5,152,5
"4677",677,5,152,5
"4678",678,5,152,5
"4679",679,5,153,5
"4680",680,5,153,5
"4681",681,5,153,5
"4682",682,5,153,5
"4683",683,5,153,5
"4684",684,3,154,5
"4685",685,3,154,5
"4686",686,3,154,5
"4687",687,4,155,5
"4688",688,4,155,5
"4689",689,4,155,5
"4690",690,4,155,5
"4691",691,3,156,5
"4692",692,3,156,5
"4693",693,3,156,5
"4694",694,3,157,5
"4695",695,3,157,5
"4696",696,3,157,5
"4697",697,3,158,5
"4698",698,3,158,5
"4699",699,3,158,5
"4700",700,3,159,5
"4701",701,3,159,5
"4702",702,3,159,5
"4703",703,5,160,5
"4704",704,5,160,5
"4705",705,5,160,5
"4706",706,5,160,5
"4707",707,5,160,5
"4708",708,3,161,5
"4709",709,3,161,5
"4710",710,3,161,5
"4711",711,6,162,5
"4712",712,6,162,5
"4713",713,6,162,5
"4714",714,6,162,5
"4715",715,6,162,5
"4716",716,6,162,5
"4717",717,5,163,5
"4718",718,5,163,5
"4719",719,5,163,5
"4720",720,5,163,5
"4721",721,5,163,5
"4722",722,3,164,5
"4723",723,3,164,5
"4724",724,3,164,5
"4725",725,6,165,5
"4726",726,6,165,5
"4727",727,6,165,5
"4728",728,6,165,5
"4729",729,6,165,5
"4730",730,6,165,5
"4731",731,6,166,5
"4732",732,6,166,5
"4733",733,6,166,5
"4734",734,6,166,5
"4735",735,6,166,5
"4736",736,6,166,5
"4737",737,3,167,5
"4738",738,3,167,5
"4739",739,3,167,5
"4740",740,4,168,5
"4741",741,4,168,5
"4742",742,4,168,5
"4743",743,4,168,5
"4744",744,4,169,5
"4745",745,4,169,5
"4746",746,4,169,5
"4747",747,4,169,5
"4748",748,4,170,5
"4749",749,4,170,5
"4750",750,4,170,5
"4751",751,4,170,5
"4752",752,4,171,5
"4753",753,4,171,5
"4754",754,4,171,5
"4755",755,4,171,5
"4756",756,3,172,5
"4757",757,3,172,5
"4758",758,3,172,5
"4759",759,5,173,5
"4760",760,5,173,5
"4761",761,5,173,5
"4762",762,5,173,5
"4763",763,5,173,5
"4764",764,5,174,5
"4765",765,5,174,5
"4766",766,5,174,5
"4767",767,5,174,5
"4768",768,5,174,5
"4769",769,3,175,5
"4770",770,3,175,5
"4771",771,3,175,5
"4772",772,5,176,5
"4773",773,5,176,5
"4774",774,5,176,5
"4775",775,5,176,5
"4776",776,5,176,5
"4777",777,4,177,5
"4778",778,4,177,5
"4779",779,4,177,5
"4780",780,4,177,5
"4781",781,3,178,5
"4782",782,3,178,5
"4783",783,3,178,5
"4784",784,6,179,5
"4785",785,6,179,5
"4786",786,6,179,5
"4787",787,6,179,5
"4788",788,6,179,5
"4789",789,6,179,5
"4790",790,5,180,5
"4791",791,5,180,5
"4792",792,5,180,5
"4793",793,5,180,5
"4794",794,5,180,5
"4795",795,3,181,5
"4796",796,3,181,5
"4797",797,3,181,5
"4798",798,5,182,5
"4799",799,5,182,5
"4800",800,5,182,5
"4801",801,5,182,5
"4802",802,5,182,5
"4803",803,3,183,5
"4804",804,3,183,5
"4805",805,3,183,5
"4806",806,4,184,5
"4807",807,4,184,5
"4808",808,4,184,5
"4809",809,4,184,5
"4810",810,5,185,5
"4811",811,5,185,5
"4812",812,5,185,5
"4813",813,5,185,5
"4814",814,5,185,5
"4815",815,6,186,5
"4816",816,6,186,5
"4817",817,6,186,5
"4818",818,6,186,5
"4819",819,6,186,5
"4820",820,6,186,5
"4821",821,4,187,5
"4822",822,4,187,5
"4823",823,4,187,5
"4824",824,4,187,5
"4825",825,4,188,5
"4826",826,4,188,5
"4827",827,4,188,5
"4828",828,4,188,5
"4829",829,5,189,5
"4830",830,5,189,5
"4831",831,5,189,5
"4832",832,5,189,5
"4833",833,5,189,5
"4834",834,5,190,5
"4835",835,5,190,5
"4836",836,5,190,5
"4837",837,5,190,5
"4838",838,5,190,5
"4839",839,6,191,5
"4840",840,6,191,5
"4841",841,6,191,5
"4842",842,6,191,5
"4843",843,6,191,5
"4844",844,6,191,5
"4845",845,3,192,5
"4846",846,3,192,5
"4847",847,3,192,5
"4848",848,4,193,5
"4849",849,4,193,5
"4850",850,4,193,5
"4851",851,4,193,5
"4852",852,6,194,5
"4853",853,6,194,5
"4854",854,6,194,5
"4855",855,6,194,5
"4856",856,6,194,5
"4857",857,6,194,5
"4858",858,4,195,5
"4859",859,4,195,5
"4860",860,4,195,5
"4861",861,4,195,5
"4862",862,3,196,5
"4863",863,3,196,5
"4864",864,3,196,5
"4865",865,4,197,5
"4866",866,4,197,5
"4867",867,4,197,5
"4868",868,4,197,5
"4869",869,6,198,5
"4870",870,6,198,5
"4871",871,6,198,5
"4872",872,6,198,5
"4873",873,6,198,5
"4874",874,6,198,5
"4875",875,4,199,5
"4876",876,4,199,5
"4877",877,4,199,5
"4878",878,4,199,5
"4879",879,6,200,5
"4880",880,6,200,5
"4881",881,6,200,5
"4882",882,6,200,5
"4883",883,6,200,5
"4884",884,6,200,5
"4885",885,4,201,5
"4886",886,4,201,5
"4887",887,4,201,5
"4888",888,4,201,5
"4889",889,6,202,5
"4890",890,6,202,5
"4891",891,6,202,5
"4892",892,6,202,5
"4893",893,6,202,5
"4894",894,6,202,5
"4895",895,3,203,5
"4896",896,3,203,5
"4897",897,3,203,5
"4898",898,6,204,5
"4899",899,6,204,5
"4900",900,6,204,5
"4901",901,6,204,5
"4902",902,6,204,5
"4903",903,6,204,5
"4904",904,6,205,5
"4905",905,6,205,5
"4906",906,6,205,5
"4907",907,6,205,5
"4908",908,6,205,5
"4909",909,6,205,5
"4910",910,6,206,5
"4911",911,6,206,5
"4912",912,6,206,5
"4913",913,6,206,5
"4914",914,6,206,5
"4915",915,6,206,5
"4916",916,6,207,5
"4917",917,6,207,5
"4918",918,6,207,5
"4919",919,6,207,5
"4920",920,6,207,5
"4921",921,6,207,5
"4922",922,4,208,5
"4923",923,4,208,5
"4924",924,4,208,5
"4925",925,4,208,5
"4926",926,5,209,5
"4927",927,5,209,5
"4928",928,5,209,5
"4929",929,5,209,5
"4930",930,5,209,5
"4931",931,4,210,5
"4932",932,4,210,5
"4933",933,4,210,5
"4934",934,4,210,5
"4935",935,5,211,5
"4936",936,5,211,5
"4937",937,5,211,5
"4938",938,5,211,5
"4939",939,5,211,5
"4940",940,5,212,5
"4941",941,5,212,5
"4942",942,5,212,5
"4943",943,5,212,5
"4944",944,5,212,5
"4945",945,6,213,5
"4946",946,6,213,5
"4947",947,6,213,5
"4948",948,6,213,5
"4949",949,6,213,5
"4950",950,6,213,5
"4951",951,4,214,5
"4952",952,4,214,5
"4953",953,4,214,5
"4954",954,4,214,5
"4955",955,3,215,5
"4956",956,3,215,5
"4957",957,3,215,5
"4958",958,3,216,5
"4959",959,3,216,5
"4960",960,3,216,5
"4961",961,3,217,5
"4962",962,3,217,5
"4963",963,3,217,5
"4964",964,6,218,5
"4965",965,6,218,5
"4966",966,6,218,5
"4967",967,6,218,5
"4968",968,6,218,5
"4969",969,6,218,5
"4970",970,4,219,5
"4971",971,4,219,5
"4972",972,4,219,5
"4973",973,4,219,5
"4974",974,3,220,5
"4975",975,3,220,5
"4976",976,3,220,5
"4977",977,3,221,5
"4978",978,3,221,5
"4979",979,3,221,5
"4980",980,3,222,5
"4981",981,3,222,5
"4982",982,3,222,5
"4983",983,3,223,5
"4984",984,3,223,5
"4985",985,3,223,5
"4986",986,5,224,5
"4987",987,5,224,5
"4988",988,5,224,5
"4989",989,5,224,5
"4990",990,5,224,5
"4991",991,4,225,5
"4992",992,4,225,5
"4993",993,4,225,5
"4994",994,4,225,5
"4995",995,3,226,5
"4996",996,3,226,5
"4997",997,3,226,5
"4998",998,3,227,5
"4999",999,3,227,5
"5000",1000,3,227,5
